CREATE SCHEMA IF NOT EXISTS UG_BASE_PHP DEFAULT CHARACTER SET UTF8MB4;
USE UG_BASE_PHP;

CREATE TABLE IF NOT EXISTS TBL_USUARIO (
  ID INT(11) NOT NULL AUTO_INCREMENT,
  NOMBRE_USUARIO VARCHAR(200) NULL DEFAULT NULL COMMENT '',
  CONTRASENIA VARCHAR(200) NULL DEFAULT NULL COMMENT '',
  PRIMARY KEY (ID)
);

##DROP TABLE TBL_CONTACTO;
CREATE TABLE TBL_CONTACTO(
  ID INT(11) NOT NULL AUTO_INCREMENT,
  NOMBRES VARCHAR(100),
  EMAIL VARCHAR(150),
  TELEFONO VARCHAR(15),
  MENSAJE VARCHAR(300),
  PRIMARY KEY (ID)
);


INSERT INTO TBL_USUARIO (NOMBRE_USUARIO, CONTRASENIA) VALUES('ADMIN','123');
INSERT INTO TBL_USUARIO (NOMBRE_USUARIO, CONTRASENIA) VALUES('admin','123');
SELECT * FROM TBL_USUARIO WHERE NOMBRE_USUARIO = 'KGALARZA' AND CONTRASENIA = '1234';


## CREACION DE TABLA PARA PAISES drop table TBL_PAIS
CREATE TABLE TBL_PAIS(
   ID         INT(11) NOT NULL AUTO_INCREMENT
  ,NOMBRE     VARCHAR(80) 
  ,NAME       VARCHAR(80) 
  ,NOM        VARCHAR(42) 
  ,ISO2       VARCHAR(5) 
  ,ISO3       VARCHAR(5) 
  ,PHONE_CODE VARCHAR(11)
  ,PRIMARY KEY (ID)
);
INSERT INTO TBL_PAIS(NOMBRE,NAME,NOM,ISO2,ISO3,PHONE_CODE) VALUES ('AFGANISTÁN','AFGHANISTAN','AFGHANISTAN','AF','AFG','93');
INSERT INTO TBL_PAIS(NOMBRE,NAME,NOM,ISO2,ISO3,PHONE_CODE) VALUES ('ALBANIA','ALBANIA','ALBANIE','AL','ALB','355');
INSERT INTO TBL_PAIS(NOMBRE,NAME,NOM,ISO2,ISO3,PHONE_CODE) VALUES ('ALEMANIA','GERMANY','ALLEMAGNE','DE','DEU','49');
INSERT INTO TBL_PAIS(NOMBRE,NAME,NOM,ISO2,ISO3,PHONE_CODE) VALUES ('ALGERIA','ALGERIA','ALGÉRIE','DZ','DZA','213');
INSERT INTO TBL_PAIS(NOMBRE,NAME,NOM,ISO2,ISO3,PHONE_CODE) VALUES ('ANDORRA','ANDORRA','ANDORRA','AD','AND','376');
INSERT INTO TBL_PAIS(NOMBRE,NAME,NOM,ISO2,ISO3,PHONE_CODE) VALUES ('ANGOLA','ANGOLA','ANGOLA','AO','AGO','244');
INSERT INTO TBL_PAIS(NOMBRE,NAME,NOM,ISO2,ISO3,PHONE_CODE) VALUES ('ANGUILA','ANGUILLA','ANGUILLA','AI','AIA','1 264');
INSERT INTO TBL_PAIS(NOMBRE,NAME,NOM,ISO2,ISO3,PHONE_CODE) VALUES ('ANTÁRTIDA','ANTARCTICA','L''ANTARCTIQUE','AQ','ATA','672');
INSERT INTO TBL_PAIS(NOMBRE,NAME,NOM,ISO2,ISO3,PHONE_CODE) VALUES ('ANTIGUA Y BARBUDA','ANTIGUA AND BARBUDA','ANTIGUA ET BARBUDA','AG','ATG','1 268');
INSERT INTO TBL_PAIS(NOMBRE,NAME,NOM,ISO2,ISO3,PHONE_CODE) VALUES ('ANTILLAS NEERLANDESAS','NETHERLANDS ANTILLES','ANTILLES NÉERLANDAISES','AN','ANT','599');
INSERT INTO TBL_PAIS(NOMBRE,NAME,NOM,ISO2,ISO3,PHONE_CODE) VALUES ('ARABIA SAUDITA','SAUDI ARABIA','ARABIE SAOUDITE','SA','SAU','966');
INSERT INTO TBL_PAIS(NOMBRE,NAME,NOM,ISO2,ISO3,PHONE_CODE) VALUES ('ARGENTINA','ARGENTINA','ARGENTINE','AR','ARG','54');
INSERT INTO TBL_PAIS(NOMBRE,NAME,NOM,ISO2,ISO3,PHONE_CODE) VALUES ('ARMENIA','ARMENIA','L''ARMÉNIE','AM','ARM','374');
INSERT INTO TBL_PAIS(NOMBRE,NAME,NOM,ISO2,ISO3,PHONE_CODE) VALUES ('ARUBA','ARUBA','ARUBA','AW','ABW','297');
INSERT INTO TBL_PAIS(NOMBRE,NAME,NOM,ISO2,ISO3,PHONE_CODE) VALUES ('AUSTRALIA','AUSTRALIA','AUSTRALIE','AU','AUS','61');
INSERT INTO TBL_PAIS(NOMBRE,NAME,NOM,ISO2,ISO3,PHONE_CODE) VALUES ('AUSTRIA','AUSTRIA','AUTRICHE','AT','AUT','43');
INSERT INTO TBL_PAIS(NOMBRE,NAME,NOM,ISO2,ISO3,PHONE_CODE) VALUES ('AZERBAYÁN','AZERBAIJAN','L''AZERBAÏDJAN','AZ','AZE','994');
INSERT INTO TBL_PAIS(NOMBRE,NAME,NOM,ISO2,ISO3,PHONE_CODE) VALUES ('BÉLGICA','BELGIUM','BELGIQUE','BE','BEL','32');
INSERT INTO TBL_PAIS(NOMBRE,NAME,NOM,ISO2,ISO3,PHONE_CODE) VALUES ('BAHAMAS','BAHAMAS','BAHAMAS','BS','BHS','1 242');
INSERT INTO TBL_PAIS(NOMBRE,NAME,NOM,ISO2,ISO3,PHONE_CODE) VALUES ('BAHREIN','BAHRAIN','BAHREÏN','BH','BHR','973');
INSERT INTO TBL_PAIS(NOMBRE,NAME,NOM,ISO2,ISO3,PHONE_CODE) VALUES ('BANGLADESH','BANGLADESH','BANGLADESH','BD','BGD','880');
INSERT INTO TBL_PAIS(NOMBRE,NAME,NOM,ISO2,ISO3,PHONE_CODE) VALUES ('BARBADOS','BARBADOS','BARBADE','BB','BRB','1 246');
INSERT INTO TBL_PAIS(NOMBRE,NAME,NOM,ISO2,ISO3,PHONE_CODE) VALUES ('BELICE','BELIZE','BELIZE','BZ','BLZ','501');
INSERT INTO TBL_PAIS(NOMBRE,NAME,NOM,ISO2,ISO3,PHONE_CODE) VALUES ('BENÍN','BENIN','BÉNIN','BJ','BEN','229');
INSERT INTO TBL_PAIS(NOMBRE,NAME,NOM,ISO2,ISO3,PHONE_CODE) VALUES ('BHUTÁN','BHUTAN','LE BHOUTAN','BT','BTN','975');
INSERT INTO TBL_PAIS(NOMBRE,NAME,NOM,ISO2,ISO3,PHONE_CODE) VALUES ('BIELORRUSIA','BELARUS','BIÉLORUSSIE','BY','BLR','375');
INSERT INTO TBL_PAIS(NOMBRE,NAME,NOM,ISO2,ISO3,PHONE_CODE) VALUES ('BIRMANIA','MYANMAR','MYANMAR','MM','MMR','95');
INSERT INTO TBL_PAIS(NOMBRE,NAME,NOM,ISO2,ISO3,PHONE_CODE) VALUES ('BOLIVIA','BOLIVIA','BOLIVIE','BO','BOL','591');
INSERT INTO TBL_PAIS(NOMBRE,NAME,NOM,ISO2,ISO3,PHONE_CODE) VALUES ('BOSNIA Y HERZEGOVINA','BOSNIA AND HERZEGOVINA','BOSNIE-HERZÉGOVINE','BA','BIH','387');
INSERT INTO TBL_PAIS(NOMBRE,NAME,NOM,ISO2,ISO3,PHONE_CODE) VALUES ('BOTSUANA','BOTSWANA','BOTSWANA','BW','BWA','267');
INSERT INTO TBL_PAIS(NOMBRE,NAME,NOM,ISO2,ISO3,PHONE_CODE) VALUES ('BRASIL','BRAZIL','BRÉSIL','BR','BRA','55');
INSERT INTO TBL_PAIS(NOMBRE,NAME,NOM,ISO2,ISO3,PHONE_CODE) VALUES ('BRUNÉI','BRUNEI','BRUNEI','BN','BRN','673');
INSERT INTO TBL_PAIS(NOMBRE,NAME,NOM,ISO2,ISO3,PHONE_CODE) VALUES ('BULGARIA','BULGARIA','BULGARIE','BG','BGR','359');
INSERT INTO TBL_PAIS(NOMBRE,NAME,NOM,ISO2,ISO3,PHONE_CODE) VALUES ('BURKINA FASO','BURKINA FASO','BURKINA FASO','BF','BFA','226');
INSERT INTO TBL_PAIS(NOMBRE,NAME,NOM,ISO2,ISO3,PHONE_CODE) VALUES ('BURUNDI','BURUNDI','BURUNDI','BI','BDI','257');
INSERT INTO TBL_PAIS(NOMBRE,NAME,NOM,ISO2,ISO3,PHONE_CODE) VALUES ('CABO VERDE','CAPE VERDE','CAP-VERT','CV','CPV','238');
INSERT INTO TBL_PAIS(NOMBRE,NAME,NOM,ISO2,ISO3,PHONE_CODE) VALUES ('CAMBOYA','CAMBODIA','CAMBODGE','KH','KHM','855');
INSERT INTO TBL_PAIS(NOMBRE,NAME,NOM,ISO2,ISO3,PHONE_CODE) VALUES ('CAMERÚN','CAMEROON','CAMEROUN','CM','CMR','237');
INSERT INTO TBL_PAIS(NOMBRE,NAME,NOM,ISO2,ISO3,PHONE_CODE) VALUES ('CANADÁ','CANADA','CANADA','CA','CAN','1');
INSERT INTO TBL_PAIS(NOMBRE,NAME,NOM,ISO2,ISO3,PHONE_CODE) VALUES ('CHAD','CHAD','TCHAD','TD','TCD','235');
INSERT INTO TBL_PAIS(NOMBRE,NAME,NOM,ISO2,ISO3,PHONE_CODE) VALUES ('CHILE','CHILE','CHILI','CL','CHL','56');
INSERT INTO TBL_PAIS(NOMBRE,NAME,NOM,ISO2,ISO3,PHONE_CODE) VALUES ('CHINA','CHINA','CHINE','CN','CHN','86');
INSERT INTO TBL_PAIS(NOMBRE,NAME,NOM,ISO2,ISO3,PHONE_CODE) VALUES ('CHIPRE','CYPRUS','CHYPRE','CY','CYP','357');
INSERT INTO TBL_PAIS(NOMBRE,NAME,NOM,ISO2,ISO3,PHONE_CODE) VALUES ('CIUDAD DEL VATICANO','VATICAN CITY STATE','CITÉ DU VATICAN','VA','VAT','39');
INSERT INTO TBL_PAIS(NOMBRE,NAME,NOM,ISO2,ISO3,PHONE_CODE) VALUES ('COLOMBIA','COLOMBIA','COLOMBIE','CO','COL','57');
INSERT INTO TBL_PAIS(NOMBRE,NAME,NOM,ISO2,ISO3,PHONE_CODE) VALUES ('COMORAS','COMOROS','COMORES','KM','COM','269');
INSERT INTO TBL_PAIS(NOMBRE,NAME,NOM,ISO2,ISO3,PHONE_CODE) VALUES ('CONGO','CONGO','CONGO','CG','COG','242');
INSERT INTO TBL_PAIS(NOMBRE,NAME,NOM,ISO2,ISO3,PHONE_CODE) VALUES ('CONGO','CONGO','CONGO','CD','COD','243');
INSERT INTO TBL_PAIS(NOMBRE,NAME,NOM,ISO2,ISO3,PHONE_CODE) VALUES ('COREA DEL NORTE','NORTH KOREA','CORÉE DU NORD','KP','PRK','850');
INSERT INTO TBL_PAIS(NOMBRE,NAME,NOM,ISO2,ISO3,PHONE_CODE) VALUES ('COREA DEL SUR','SOUTH KOREA','CORÉE DU SUD','KR','KOR','82');
INSERT INTO TBL_PAIS(NOMBRE,NAME,NOM,ISO2,ISO3,PHONE_CODE) VALUES ('COSTA DE MARFIL','IVORY COAST','CÔTE-D''IVOIRE','CI','CIV','225');
INSERT INTO TBL_PAIS(NOMBRE,NAME,NOM,ISO2,ISO3,PHONE_CODE) VALUES ('COSTA RICA','COSTA RICA','COSTA RICA','CR','CRI','506');
INSERT INTO TBL_PAIS(NOMBRE,NAME,NOM,ISO2,ISO3,PHONE_CODE) VALUES ('CROACIA','CROATIA','CROATIE','HR','HRV','385');
INSERT INTO TBL_PAIS(NOMBRE,NAME,NOM,ISO2,ISO3,PHONE_CODE) VALUES ('CUBA','CUBA','CUBA','CU','CUB','53');
INSERT INTO TBL_PAIS(NOMBRE,NAME,NOM,ISO2,ISO3,PHONE_CODE) VALUES ('DINAMARCA','DENMARK','DANEMARK','DK','DNK','45');
INSERT INTO TBL_PAIS(NOMBRE,NAME,NOM,ISO2,ISO3,PHONE_CODE) VALUES ('DOMINICA','DOMINICA','DOMINIQUE','DM','DMA','1 767');
INSERT INTO TBL_PAIS(NOMBRE,NAME,NOM,ISO2,ISO3,PHONE_CODE) VALUES ('ECUADOR','ECUADOR','EQUATEUR','EC','ECU','593');
INSERT INTO TBL_PAIS(NOMBRE,NAME,NOM,ISO2,ISO3,PHONE_CODE) VALUES ('EGIPTO','EGYPT','EGYPTE','EG','EGY','20');
INSERT INTO TBL_PAIS(NOMBRE,NAME,NOM,ISO2,ISO3,PHONE_CODE) VALUES ('EL SALVADOR','EL SALVADOR','EL SALVADOR','SV','SLV','503');
INSERT INTO TBL_PAIS(NOMBRE,NAME,NOM,ISO2,ISO3,PHONE_CODE) VALUES ('EMIRATOS ÁRABES UNIDOS','UNITED ARAB EMIRATES','EMIRATS ARABES UNIS','AE','ARE','971');
INSERT INTO TBL_PAIS(NOMBRE,NAME,NOM,ISO2,ISO3,PHONE_CODE) VALUES ('ERITREA','ERITREA','ERYTHRÉE','ER','ERI','291');
INSERT INTO TBL_PAIS(NOMBRE,NAME,NOM,ISO2,ISO3,PHONE_CODE) VALUES ('ESLOVAQUIA','SLOVAKIA','SLOVAQUIE','SK','SVK','421');
INSERT INTO TBL_PAIS(NOMBRE,NAME,NOM,ISO2,ISO3,PHONE_CODE) VALUES ('ESLOVENIA','SLOVENIA','SLOVÉNIE','SI','SVN','386');
INSERT INTO TBL_PAIS(NOMBRE,NAME,NOM,ISO2,ISO3,PHONE_CODE) VALUES ('ESPAÑA','SPAIN','ESPAGNE','ES','ESP','34');
INSERT INTO TBL_PAIS(NOMBRE,NAME,NOM,ISO2,ISO3,PHONE_CODE) VALUES ('ESTADOS UNIDOS DE AMÉRICA','UNITED STATES OF AMERICA','ÉTATS-UNIS D''AMÉRIQUE','US','USA','1');
INSERT INTO TBL_PAIS(NOMBRE,NAME,NOM,ISO2,ISO3,PHONE_CODE) VALUES ('ESTONIA','ESTONIA','L''ESTONIE','EE','EST','372');
INSERT INTO TBL_PAIS(NOMBRE,NAME,NOM,ISO2,ISO3,PHONE_CODE) VALUES ('ETIOPÍA','ETHIOPIA','ETHIOPIE','ET','ETH','251');
INSERT INTO TBL_PAIS(NOMBRE,NAME,NOM,ISO2,ISO3,PHONE_CODE) VALUES ('FILIPINAS','PHILIPPINES','PHILIPPINES','PH','PHL','63');
INSERT INTO TBL_PAIS(NOMBRE,NAME,NOM,ISO2,ISO3,PHONE_CODE) VALUES ('FINLANDIA','FINLAND','FINLANDE','FI','FIN','358');
INSERT INTO TBL_PAIS(NOMBRE,NAME,NOM,ISO2,ISO3,PHONE_CODE) VALUES ('FIYI','FIJI','FIDJI','FJ','FJI','679');
INSERT INTO TBL_PAIS(NOMBRE,NAME,NOM,ISO2,ISO3,PHONE_CODE) VALUES ('FRANCIA','FRANCE','FRANCE','FR','FRA','33');
INSERT INTO TBL_PAIS(NOMBRE,NAME,NOM,ISO2,ISO3,PHONE_CODE) VALUES ('GABÓN','GABON','GABON','GA','GAB','241');
INSERT INTO TBL_PAIS(NOMBRE,NAME,NOM,ISO2,ISO3,PHONE_CODE) VALUES ('GAMBIA','GAMBIA','GAMBIE','GM','GMB','220');
INSERT INTO TBL_PAIS(NOMBRE,NAME,NOM,ISO2,ISO3,PHONE_CODE) VALUES ('GEORGIA','GEORGIA','GÉORGIE','GE','GEO','995');
INSERT INTO TBL_PAIS(NOMBRE,NAME,NOM,ISO2,ISO3,PHONE_CODE) VALUES ('GHANA','GHANA','GHANA','GH','GHA','233');
INSERT INTO TBL_PAIS(NOMBRE,NAME,NOM,ISO2,ISO3,PHONE_CODE) VALUES ('GIBRALTAR','GIBRALTAR','GIBRALTAR','GI','GIB','350');
INSERT INTO TBL_PAIS(NOMBRE,NAME,NOM,ISO2,ISO3,PHONE_CODE) VALUES ('GRANADA','GRENADA','GRENADE','GD','GRD','1 473');
INSERT INTO TBL_PAIS(NOMBRE,NAME,NOM,ISO2,ISO3,PHONE_CODE) VALUES ('GRECIA','GREECE','GRÈCE','GR','GRC','30');
INSERT INTO TBL_PAIS(NOMBRE,NAME,NOM,ISO2,ISO3,PHONE_CODE) VALUES ('GROENLANDIA','GREENLAND','GROENLAND','GL','GRL','299');
INSERT INTO TBL_PAIS(NOMBRE,NAME,NOM,ISO2,ISO3,PHONE_CODE) VALUES ('GUADALUPE','GUADELOUPE','GUADELOUPE','GP','GLP',NULL);
INSERT INTO TBL_PAIS(NOMBRE,NAME,NOM,ISO2,ISO3,PHONE_CODE) VALUES ('GUAM','GUAM','GUAM','GU','GUM','1 671');
INSERT INTO TBL_PAIS(NOMBRE,NAME,NOM,ISO2,ISO3,PHONE_CODE) VALUES ('GUATEMALA','GUATEMALA','GUATEMALA','GT','GTM','502');
INSERT INTO TBL_PAIS(NOMBRE,NAME,NOM,ISO2,ISO3,PHONE_CODE) VALUES ('GUAYANA FRANCESA','FRENCH GUIANA','GUYANE FRANÇAISE','GF','GUF',NULL);
INSERT INTO TBL_PAIS(NOMBRE,NAME,NOM,ISO2,ISO3,PHONE_CODE) VALUES ('GUERNSEY','GUERNSEY','GUERNESEY','GG','GGY',NULL);
INSERT INTO TBL_PAIS(NOMBRE,NAME,NOM,ISO2,ISO3,PHONE_CODE) VALUES ('GUINEA','GUINEA','GUINÉE','GN','GIN','224');
INSERT INTO TBL_PAIS(NOMBRE,NAME,NOM,ISO2,ISO3,PHONE_CODE) VALUES ('GUINEA ECUATORIAL','EQUATORIAL GUINEA','GUINÉE EQUATORIALE','GQ','GNQ','240');
INSERT INTO TBL_PAIS(NOMBRE,NAME,NOM,ISO2,ISO3,PHONE_CODE) VALUES ('GUINEA-BISSAU','GUINEA-BISSAU','GUINÉE-BISSAU','GW','GNB','245');
INSERT INTO TBL_PAIS(NOMBRE,NAME,NOM,ISO2,ISO3,PHONE_CODE) VALUES ('GUYANA','GUYANA','GUYANE','GY','GUY','592');
INSERT INTO TBL_PAIS(NOMBRE,NAME,NOM,ISO2,ISO3,PHONE_CODE) VALUES ('HAITÍ','HAITI','HAÏTI','HT','HTI','509');
INSERT INTO TBL_PAIS(NOMBRE,NAME,NOM,ISO2,ISO3,PHONE_CODE) VALUES ('HONDURAS','HONDURAS','HONDURAS','HN','HND','504');
INSERT INTO TBL_PAIS(NOMBRE,NAME,NOM,ISO2,ISO3,PHONE_CODE) VALUES ('HONG KONG','HONG KONG','HONG KONG','HK','HKG','852');
INSERT INTO TBL_PAIS(NOMBRE,NAME,NOM,ISO2,ISO3,PHONE_CODE) VALUES ('HUNGRÍA','HUNGARY','HONGRIE','HU','HUN','36');
INSERT INTO TBL_PAIS(NOMBRE,NAME,NOM,ISO2,ISO3,PHONE_CODE) VALUES ('INDIA','INDIA','INDE','IN','IND','91');
INSERT INTO TBL_PAIS(NOMBRE,NAME,NOM,ISO2,ISO3,PHONE_CODE) VALUES ('INDONESIA','INDONESIA','INDONÉSIE','ID','IDN','62');
INSERT INTO TBL_PAIS(NOMBRE,NAME,NOM,ISO2,ISO3,PHONE_CODE) VALUES ('IRÁN','IRAN','IRAN','IR','IRN','98');
INSERT INTO TBL_PAIS(NOMBRE,NAME,NOM,ISO2,ISO3,PHONE_CODE) VALUES ('IRAK','IRAQ','IRAK','IQ','IRQ','964');
INSERT INTO TBL_PAIS(NOMBRE,NAME,NOM,ISO2,ISO3,PHONE_CODE) VALUES ('IRLANDA','IRELAND','IRLANDE','IE','IRL','353');
INSERT INTO TBL_PAIS(NOMBRE,NAME,NOM,ISO2,ISO3,PHONE_CODE) VALUES ('ISLA BOUVET','BOUVET ISLAND','BOUVET ISLAND','BV','BVT',NULL);
INSERT INTO TBL_PAIS(NOMBRE,NAME,NOM,ISO2,ISO3,PHONE_CODE) VALUES ('ISLA DE MAN','ISLE OF MAN','ILE DE MAN','IM','IMN','44');
INSERT INTO TBL_PAIS(NOMBRE,NAME,NOM,ISO2,ISO3,PHONE_CODE) VALUES ('ISLA DE NAVIDAD','CHRISTMAS ISLAND','CHRISTMAS ISLAND','CX','CXR','61');
INSERT INTO TBL_PAIS(NOMBRE,NAME,NOM,ISO2,ISO3,PHONE_CODE) VALUES ('ISLA NORFOLK','NORFOLK ISLAND','ÎLE DE NORFOLK','NF','NFK',NULL);
INSERT INTO TBL_PAIS(NOMBRE,NAME,NOM,ISO2,ISO3,PHONE_CODE) VALUES ('ISLANDIA','ICELAND','ISLANDE','IS','ISL','354');
INSERT INTO TBL_PAIS(NOMBRE,NAME,NOM,ISO2,ISO3,PHONE_CODE) VALUES ('ISLAS BERMUDAS','BERMUDA ISLANDS','BERMUDES','BM','BMU','1 441');
INSERT INTO TBL_PAIS(NOMBRE,NAME,NOM,ISO2,ISO3,PHONE_CODE) VALUES ('ISLAS CAIMÁN','CAYMAN ISLANDS','ILES CAÏMANS','KY','CYM','1 345');
INSERT INTO TBL_PAIS(NOMBRE,NAME,NOM,ISO2,ISO3,PHONE_CODE) VALUES ('ISLAS COCOS (KEELING)','COCOS (KEELING) ISLANDS','COCOS (KEELING','CC','CCK','61');
INSERT INTO TBL_PAIS(NOMBRE,NAME,NOM,ISO2,ISO3,PHONE_CODE) VALUES ('ISLAS COOK','COOK ISLANDS','ILES COOK','CK','COK','682');
INSERT INTO TBL_PAIS(NOMBRE,NAME,NOM,ISO2,ISO3,PHONE_CODE) VALUES ('ISLAS DE ÅLAND','ÅLAND ISLANDS','ÎLES ÅLAND','AX','ALA',NULL);
INSERT INTO TBL_PAIS(NOMBRE,NAME,NOM,ISO2,ISO3,PHONE_CODE) VALUES ('ISLAS FEROE','FAROE ISLANDS','ILES FÉRO','FO','FRO','298');
INSERT INTO TBL_PAIS(NOMBRE,NAME,NOM,ISO2,ISO3,PHONE_CODE) VALUES ('ISLAS GEORGIAS DEL SUR Y SANDWICH DEL SUR','SOUTH GEORGIA AND THE SOUTH SANDWICH ISLANDS','GÉORGIE DU SUD ET LES ÎLES SANDWICH DU SUD','GS','SGS',NULL);
INSERT INTO TBL_PAIS(NOMBRE,NAME,NOM,ISO2,ISO3,PHONE_CODE) VALUES ('ISLAS HEARD Y MCDONALD','HEARD ISLAND AND MCDONALD ISLANDS','LES ÎLES HEARD ET MCDONALD','HM','HMD',NULL);
INSERT INTO TBL_PAIS(NOMBRE,NAME,NOM,ISO2,ISO3,PHONE_CODE) VALUES ('ISLAS MALDIVAS','MALDIVES','MALDIVES','MV','MDV','960');
INSERT INTO TBL_PAIS(NOMBRE,NAME,NOM,ISO2,ISO3,PHONE_CODE) VALUES ('ISLAS MALVINAS','FALKLAND ISLANDS (MALVINAS)','ILES FALKLAND (MALVINAS','FK','FLK','500');
INSERT INTO TBL_PAIS(NOMBRE,NAME,NOM,ISO2,ISO3,PHONE_CODE) VALUES ('ISLAS MARIANAS DEL NORTE','NORTHERN MARIANA ISLANDS','ILES MARIANNES DU NORD','MP','MNP','1 670');
INSERT INTO TBL_PAIS(NOMBRE,NAME,NOM,ISO2,ISO3,PHONE_CODE) VALUES ('ISLAS MARSHALL','MARSHALL ISLANDS','ILES MARSHALL','MH','MHL','692');
INSERT INTO TBL_PAIS(NOMBRE,NAME,NOM,ISO2,ISO3,PHONE_CODE) VALUES ('ISLAS PITCAIRN','PITCAIRN ISLANDS','ILES PITCAIRN','PN','PCN','870');
INSERT INTO TBL_PAIS(NOMBRE,NAME,NOM,ISO2,ISO3,PHONE_CODE) VALUES ('ISLAS SALOMÓN','SOLOMON ISLANDS','ILES SALOMON','SB','SLB','677');
INSERT INTO TBL_PAIS(NOMBRE,NAME,NOM,ISO2,ISO3,PHONE_CODE) VALUES ('ISLAS TURCAS Y CAICOS','TURKS AND CAICOS ISLANDS','ILES TURQUES ET CAÏQUES','TC','TCA','1 649');
INSERT INTO TBL_PAIS(NOMBRE,NAME,NOM,ISO2,ISO3,PHONE_CODE) VALUES ('ISLAS ULTRAMARINAS MENORES DE ESTADOS UNIDOS','UNITED STATES MINOR OUTLYING ISLANDS','ÉTATS-UNIS ÎLES MINEURES ÉLOIGNÉES','UM','UMI',NULL);
INSERT INTO TBL_PAIS(NOMBRE,NAME,NOM,ISO2,ISO3,PHONE_CODE) VALUES ('ISLAS VÍRGENES BRITÁNICAS','VIRGIN ISLANDS','ILES VIERGES','VG','VG','1 284');
INSERT INTO TBL_PAIS(NOMBRE,NAME,NOM,ISO2,ISO3,PHONE_CODE) VALUES ('ISLAS VÍRGENES DE LOS ESTADOS UNIDOS','UNITED STATES VIRGIN ISLANDS','ÎLES VIERGES AMÉRICAINES','VI','VIR','1 340');
INSERT INTO TBL_PAIS(NOMBRE,NAME,NOM,ISO2,ISO3,PHONE_CODE) VALUES ('ISRAEL','ISRAEL','ISRAËL','IL','ISR','972');
INSERT INTO TBL_PAIS(NOMBRE,NAME,NOM,ISO2,ISO3,PHONE_CODE) VALUES ('ITALIA','ITALY','ITALIE','IT','ITA','39');
INSERT INTO TBL_PAIS(NOMBRE,NAME,NOM,ISO2,ISO3,PHONE_CODE) VALUES ('JAMAICA','JAMAICA','JAMAÏQUE','JM','JAM','1 876');
INSERT INTO TBL_PAIS(NOMBRE,NAME,NOM,ISO2,ISO3,PHONE_CODE) VALUES ('JAPÓN','JAPAN','JAPON','JP','JPN','81');
INSERT INTO TBL_PAIS(NOMBRE,NAME,NOM,ISO2,ISO3,PHONE_CODE) VALUES ('JERSEY','JERSEY','MAILLOT','JE','JEY',NULL);
INSERT INTO TBL_PAIS(NOMBRE,NAME,NOM,ISO2,ISO3,PHONE_CODE) VALUES ('JORDANIA','JORDAN','JORDAN','JO','JOR','962');
INSERT INTO TBL_PAIS(NOMBRE,NAME,NOM,ISO2,ISO3,PHONE_CODE) VALUES ('KAZAJISTÁN','KAZAKHSTAN','LE KAZAKHSTAN','KZ','KAZ','7');
INSERT INTO TBL_PAIS(NOMBRE,NAME,NOM,ISO2,ISO3,PHONE_CODE) VALUES ('KENIA','KENYA','KENYA','KE','KEN','254');
INSERT INTO TBL_PAIS(NOMBRE,NAME,NOM,ISO2,ISO3,PHONE_CODE) VALUES ('KIRGIZSTÁN','KYRGYZSTAN','KIRGHIZSTAN','KG','KGZ','996');
INSERT INTO TBL_PAIS(NOMBRE,NAME,NOM,ISO2,ISO3,PHONE_CODE) VALUES ('KIRIBATI','KIRIBATI','KIRIBATI','KI','KIR','686');
INSERT INTO TBL_PAIS(NOMBRE,NAME,NOM,ISO2,ISO3,PHONE_CODE) VALUES ('KUWAIT','KUWAIT','KOWEÏT','KW','KWT','965');
INSERT INTO TBL_PAIS(NOMBRE,NAME,NOM,ISO2,ISO3,PHONE_CODE) VALUES ('LÍBANO','LEBANON','LIBAN','LB','LBN','961');
INSERT INTO TBL_PAIS(NOMBRE,NAME,NOM,ISO2,ISO3,PHONE_CODE) VALUES ('LAOS','LAOS','LAOS','LA','LAO','856');
INSERT INTO TBL_PAIS(NOMBRE,NAME,NOM,ISO2,ISO3,PHONE_CODE) VALUES ('LESOTO','LESOTHO','LESOTHO','LS','LSO','266');
INSERT INTO TBL_PAIS(NOMBRE,NAME,NOM,ISO2,ISO3,PHONE_CODE) VALUES ('LETONIA','LATVIA','LA LETTONIE','LV','LVA','371');
INSERT INTO TBL_PAIS(NOMBRE,NAME,NOM,ISO2,ISO3,PHONE_CODE) VALUES ('LIBERIA','LIBERIA','LIBERIA','LR','LBR','231');
INSERT INTO TBL_PAIS(NOMBRE,NAME,NOM,ISO2,ISO3,PHONE_CODE) VALUES ('LIBIA','LIBYA','LIBYE','LY','LBY','218');
INSERT INTO TBL_PAIS(NOMBRE,NAME,NOM,ISO2,ISO3,PHONE_CODE) VALUES ('LIECHTENSTEIN','LIECHTENSTEIN','LIECHTENSTEIN','LI','LIE','423');
INSERT INTO TBL_PAIS(NOMBRE,NAME,NOM,ISO2,ISO3,PHONE_CODE) VALUES ('LITUANIA','LITHUANIA','LA LITUANIE','LT','LTU','370');
INSERT INTO TBL_PAIS(NOMBRE,NAME,NOM,ISO2,ISO3,PHONE_CODE) VALUES ('LUXEMBURGO','LUXEMBOURG','LUXEMBOURG','LU','LUX','352');
INSERT INTO TBL_PAIS(NOMBRE,NAME,NOM,ISO2,ISO3,PHONE_CODE) VALUES ('MÉXICO','MEXICO','MEXIQUE','MX','MEX','52');
INSERT INTO TBL_PAIS(NOMBRE,NAME,NOM,ISO2,ISO3,PHONE_CODE) VALUES ('MÓNACO','MONACO','MONACO','MC','MCO','377');
INSERT INTO TBL_PAIS(NOMBRE,NAME,NOM,ISO2,ISO3,PHONE_CODE) VALUES ('MACAO','MACAO','MACAO','MO','MAC','853');
INSERT INTO TBL_PAIS(NOMBRE,NAME,NOM,ISO2,ISO3,PHONE_CODE) VALUES ('MACEDÔNIA','MACEDONIA','MACÉDOINE','MK','MKD','389');
INSERT INTO TBL_PAIS(NOMBRE,NAME,NOM,ISO2,ISO3,PHONE_CODE) VALUES ('MADAGASCAR','MADAGASCAR','MADAGASCAR','MG','MDG','261');
INSERT INTO TBL_PAIS(NOMBRE,NAME,NOM,ISO2,ISO3,PHONE_CODE) VALUES ('MALASIA','MALAYSIA','MALAISIE','MY','MYS','60');
INSERT INTO TBL_PAIS(NOMBRE,NAME,NOM,ISO2,ISO3,PHONE_CODE) VALUES ('MALAWI','MALAWI','MALAWI','MW','MWI','265');
INSERT INTO TBL_PAIS(NOMBRE,NAME,NOM,ISO2,ISO3,PHONE_CODE) VALUES ('MALI','MALI','MALI','ML','MLI','223');
INSERT INTO TBL_PAIS(NOMBRE,NAME,NOM,ISO2,ISO3,PHONE_CODE) VALUES ('MALTA','MALTA','MALTE','MT','MLT','356');
INSERT INTO TBL_PAIS(NOMBRE,NAME,NOM,ISO2,ISO3,PHONE_CODE) VALUES ('MARRUECOS','MOROCCO','MAROC','MA','MAR','212');
INSERT INTO TBL_PAIS(NOMBRE,NAME,NOM,ISO2,ISO3,PHONE_CODE) VALUES ('MARTINICA','MARTINIQUE','MARTINIQUE','MQ','MTQ',NULL);
INSERT INTO TBL_PAIS(NOMBRE,NAME,NOM,ISO2,ISO3,PHONE_CODE) VALUES ('MAURICIO','MAURITIUS','ILES MAURICE','MU','MUS','230');
INSERT INTO TBL_PAIS(NOMBRE,NAME,NOM,ISO2,ISO3,PHONE_CODE) VALUES ('MAURITANIA','MAURITANIA','MAURITANIE','MR','MRT','222');
INSERT INTO TBL_PAIS(NOMBRE,NAME,NOM,ISO2,ISO3,PHONE_CODE) VALUES ('MAYOTTE','MAYOTTE','MAYOTTE','YT','MYT','262');
INSERT INTO TBL_PAIS(NOMBRE,NAME,NOM,ISO2,ISO3,PHONE_CODE) VALUES ('MICRONESIA','ESTADOS FEDERADOS DE','FEDERADOS ESTADOS DE','FM','FSM','691');
INSERT INTO TBL_PAIS(NOMBRE,NAME,NOM,ISO2,ISO3,PHONE_CODE) VALUES ('MOLDAVIA','MOLDOVA','MOLDAVIE','MD','MDA','373');
INSERT INTO TBL_PAIS(NOMBRE,NAME,NOM,ISO2,ISO3,PHONE_CODE) VALUES ('MONGOLIA','MONGOLIA','MONGOLIE','MN','MNG','976');
INSERT INTO TBL_PAIS(NOMBRE,NAME,NOM,ISO2,ISO3,PHONE_CODE) VALUES ('MONTENEGRO','MONTENEGRO','MONTÉNÉGRO','ME','MNE','382');
INSERT INTO TBL_PAIS(NOMBRE,NAME,NOM,ISO2,ISO3,PHONE_CODE) VALUES ('MONTSERRAT','MONTSERRAT','MONTSERRAT','MS','MSR','1 664');
INSERT INTO TBL_PAIS(NOMBRE,NAME,NOM,ISO2,ISO3,PHONE_CODE) VALUES ('MOZAMBIQUE','MOZAMBIQUE','MOZAMBIQUE','MZ','MOZ','258');
INSERT INTO TBL_PAIS(NOMBRE,NAME,NOM,ISO2,ISO3,PHONE_CODE) VALUES ('NAMIBIA','NAMIBIA','NAMIBIE','NA','NAM','264');
INSERT INTO TBL_PAIS(NOMBRE,NAME,NOM,ISO2,ISO3,PHONE_CODE) VALUES ('NAURU','NAURU','NAURU','NR','NRU','674');
INSERT INTO TBL_PAIS(NOMBRE,NAME,NOM,ISO2,ISO3,PHONE_CODE) VALUES ('NEPAL','NEPAL','NÉPAL','NP','NPL','977');
INSERT INTO TBL_PAIS(NOMBRE,NAME,NOM,ISO2,ISO3,PHONE_CODE) VALUES ('NICARAGUA','NICARAGUA','NICARAGUA','NI','NIC','505');
INSERT INTO TBL_PAIS(NOMBRE,NAME,NOM,ISO2,ISO3,PHONE_CODE) VALUES ('NIGER','NIGER','NIGER','NE','NER','227');
INSERT INTO TBL_PAIS(NOMBRE,NAME,NOM,ISO2,ISO3,PHONE_CODE) VALUES ('NIGERIA','NIGERIA','NIGERIA','NG','NGA','234');
INSERT INTO TBL_PAIS(NOMBRE,NAME,NOM,ISO2,ISO3,PHONE_CODE) VALUES ('NIUE','NIUE','NIOU','NU','NIU','683');
INSERT INTO TBL_PAIS(NOMBRE,NAME,NOM,ISO2,ISO3,PHONE_CODE) VALUES ('NORUEGA','NORWAY','NORVÈGE','NO','NOR','47');
INSERT INTO TBL_PAIS(NOMBRE,NAME,NOM,ISO2,ISO3,PHONE_CODE) VALUES ('NUEVA CALEDONIA','NEW CALEDONIA','NOUVELLE-CALÉDONIE','NC','NCL','687');
INSERT INTO TBL_PAIS(NOMBRE,NAME,NOM,ISO2,ISO3,PHONE_CODE) VALUES ('NUEVA ZELANDA','NEW ZEALAND','NOUVELLE-ZÉLANDE','NZ','NZL','64');
INSERT INTO TBL_PAIS(NOMBRE,NAME,NOM,ISO2,ISO3,PHONE_CODE) VALUES ('OMÁN','OMAN','OMAN','OM','OMN','968');
INSERT INTO TBL_PAIS(NOMBRE,NAME,NOM,ISO2,ISO3,PHONE_CODE) VALUES ('PAÍSES BAJOS','NETHERLANDS','PAYS-BAS','NL','NLD','31');
INSERT INTO TBL_PAIS(NOMBRE,NAME,NOM,ISO2,ISO3,PHONE_CODE) VALUES ('PAKISTÁN','PAKISTAN','PAKISTAN','PK','PAK','92');
INSERT INTO TBL_PAIS(NOMBRE,NAME,NOM,ISO2,ISO3,PHONE_CODE) VALUES ('PALAU','PALAU','PALAU','PW','PLW','680');
INSERT INTO TBL_PAIS(NOMBRE,NAME,NOM,ISO2,ISO3,PHONE_CODE) VALUES ('PALESTINA','PALESTINE','LA PALESTINE','PS','PSE',NULL);
INSERT INTO TBL_PAIS(NOMBRE,NAME,NOM,ISO2,ISO3,PHONE_CODE) VALUES ('PANAMÁ','PANAMA','PANAMA','PA','PAN','507');
INSERT INTO TBL_PAIS(NOMBRE,NAME,NOM,ISO2,ISO3,PHONE_CODE) VALUES ('PAPÚA NUEVA GUINEA','PAPUA NEW GUINEA','PAPOUASIE-NOUVELLE-GUINÉE','PG','PNG','675');
INSERT INTO TBL_PAIS(NOMBRE,NAME,NOM,ISO2,ISO3,PHONE_CODE) VALUES ('PARAGUAY','PARAGUAY','PARAGUAY','PY','PRY','595');
INSERT INTO TBL_PAIS(NOMBRE,NAME,NOM,ISO2,ISO3,PHONE_CODE) VALUES ('PERÚ','PERU','PÉROU','PE','PER','51');
INSERT INTO TBL_PAIS(NOMBRE,NAME,NOM,ISO2,ISO3,PHONE_CODE) VALUES ('POLINESIA FRANCESA','FRENCH POLYNESIA','POLYNÉSIE FRANÇAISE','PF','PYF','689');
INSERT INTO TBL_PAIS(NOMBRE,NAME,NOM,ISO2,ISO3,PHONE_CODE) VALUES ('POLONIA','POLAND','POLOGNE','PL','POL','48');
INSERT INTO TBL_PAIS(NOMBRE,NAME,NOM,ISO2,ISO3,PHONE_CODE) VALUES ('PORTUGAL','PORTUGAL','PORTUGAL','PT','PRT','351');
INSERT INTO TBL_PAIS(NOMBRE,NAME,NOM,ISO2,ISO3,PHONE_CODE) VALUES ('PUERTO RICO','PUERTO RICO','PORTO RICO','PR','PRI','1');
INSERT INTO TBL_PAIS(NOMBRE,NAME,NOM,ISO2,ISO3,PHONE_CODE) VALUES ('QATAR','QATAR','QATAR','QA','QAT','974');
INSERT INTO TBL_PAIS(NOMBRE,NAME,NOM,ISO2,ISO3,PHONE_CODE) VALUES ('REINO UNIDO','UNITED KINGDOM','ROYAUME-UNI','GB','GBR','44');
INSERT INTO TBL_PAIS(NOMBRE,NAME,NOM,ISO2,ISO3,PHONE_CODE) VALUES ('REPÚBLICA CENTROAFRICANA','CENTRAL AFRICAN REPUBLIC','RÉPUBLIQUE CENTRAFRICAINE','CF','CAF','236');
INSERT INTO TBL_PAIS(NOMBRE,NAME,NOM,ISO2,ISO3,PHONE_CODE) VALUES ('REPÚBLICA CHECA','CZECH REPUBLIC','RÉPUBLIQUE TCHÈQUE','CZ','CZE','420');
INSERT INTO TBL_PAIS(NOMBRE,NAME,NOM,ISO2,ISO3,PHONE_CODE) VALUES ('REPÚBLICA DOMINICANA','DOMINICAN REPUBLIC','RÉPUBLIQUE DOMINICAINE','DO','DOM','1 809');
INSERT INTO TBL_PAIS(NOMBRE,NAME,NOM,ISO2,ISO3,PHONE_CODE) VALUES ('REUNIÓN','RÉUNION','RÉUNION','RE','REU',NULL);
INSERT INTO TBL_PAIS(NOMBRE,NAME,NOM,ISO2,ISO3,PHONE_CODE) VALUES ('RUANDA','RWANDA','RWANDA','RW','RWA','250');
INSERT INTO TBL_PAIS(NOMBRE,NAME,NOM,ISO2,ISO3,PHONE_CODE) VALUES ('RUMANÍA','ROMANIA','ROUMANIE','RO','ROU','40');
INSERT INTO TBL_PAIS(NOMBRE,NAME,NOM,ISO2,ISO3,PHONE_CODE) VALUES ('RUSIA','RUSSIA','LA RUSSIE','RU','RUS','7');
INSERT INTO TBL_PAIS(NOMBRE,NAME,NOM,ISO2,ISO3,PHONE_CODE) VALUES ('SAHARA OCCIDENTAL','WESTERN SAHARA','SAHARA OCCIDENTAL','EH','ESH',NULL);
INSERT INTO TBL_PAIS(NOMBRE,NAME,NOM,ISO2,ISO3,PHONE_CODE) VALUES ('SAMOA','SAMOA','SAMOA','WS','WSM','685');
INSERT INTO TBL_PAIS(NOMBRE,NAME,NOM,ISO2,ISO3,PHONE_CODE) VALUES ('SAMOA AMERICANA','AMERICAN SAMOA','LES SAMOA AMÉRICAINES','AS','ASM','1 684');
INSERT INTO TBL_PAIS(NOMBRE,NAME,NOM,ISO2,ISO3,PHONE_CODE) VALUES ('SAN BARTOLOMÉ','SAINT BARTHÉLEMY','SAINT-BARTHÉLEMY','BL','BLM','590');
INSERT INTO TBL_PAIS(NOMBRE,NAME,NOM,ISO2,ISO3,PHONE_CODE) VALUES ('SAN CRISTÓBAL Y NIEVES','SAINT KITTS AND NEVIS','SAINT KITTS ET NEVIS','KN','KNA','1 869');
INSERT INTO TBL_PAIS(NOMBRE,NAME,NOM,ISO2,ISO3,PHONE_CODE) VALUES ('SAN MARINO','SAN MARINO','SAN MARINO','SM','SMR','378');
INSERT INTO TBL_PAIS(NOMBRE,NAME,NOM,ISO2,ISO3,PHONE_CODE) VALUES ('SAN MARTÍN (FRANCIA)','SAINT MARTIN (FRENCH PART)','SAINT-MARTIN (PARTIE FRANÇAISE)','MF','MAF','1 599');
INSERT INTO TBL_PAIS(NOMBRE,NAME,NOM,ISO2,ISO3,PHONE_CODE) VALUES ('SAN PEDRO Y MIQUELÓN','SAINT PIERRE AND MIQUELON','SAINT-PIERRE-ET-MIQUELON','PM','SPM','508');
INSERT INTO TBL_PAIS(NOMBRE,NAME,NOM,ISO2,ISO3,PHONE_CODE) VALUES ('SAN VICENTE Y LAS GRANADINAS','SAINT VINCENT AND THE GRENADINES','SAINT-VINCENT ET GRENADINES','VC','VCT','1 784');
INSERT INTO TBL_PAIS(NOMBRE,NAME,NOM,ISO2,ISO3,PHONE_CODE) VALUES ('SANTA ELENA','ASCENSIÓN Y TRISTÁN DE ACUÑA','ASCENSIÓN Y TRISTAN DE ACUÑA','SH','SHN','290');
INSERT INTO TBL_PAIS(NOMBRE,NAME,NOM,ISO2,ISO3,PHONE_CODE) VALUES ('SANTA LUCÍA','SAINT LUCIA','SAINTE-LUCIE','LC','LCA','1 758');
INSERT INTO TBL_PAIS(NOMBRE,NAME,NOM,ISO2,ISO3,PHONE_CODE) VALUES ('SANTO TOMÉ Y PRÍNCIPE','SAO TOME AND PRINCIPE','SAO TOMÉ ET PRINCIPE','ST','STP','239');
INSERT INTO TBL_PAIS(NOMBRE,NAME,NOM,ISO2,ISO3,PHONE_CODE) VALUES ('SENEGAL','SENEGAL','SÉNÉGAL','SN','SEN','221');
INSERT INTO TBL_PAIS(NOMBRE,NAME,NOM,ISO2,ISO3,PHONE_CODE) VALUES ('SERBIA','SERBIA','SERBIE','RS','SRB','381');
INSERT INTO TBL_PAIS(NOMBRE,NAME,NOM,ISO2,ISO3,PHONE_CODE) VALUES ('SEYCHELLES','SEYCHELLES','LES SEYCHELLES','SC','SYC','248');
INSERT INTO TBL_PAIS(NOMBRE,NAME,NOM,ISO2,ISO3,PHONE_CODE) VALUES ('SIERRA LEONA','SIERRA LEONE','SIERRA LEONE','SL','SLE','232');
INSERT INTO TBL_PAIS(NOMBRE,NAME,NOM,ISO2,ISO3,PHONE_CODE) VALUES ('SINGAPUR','SINGAPORE','SINGAPOUR','SG','SGP','65');
INSERT INTO TBL_PAIS(NOMBRE,NAME,NOM,ISO2,ISO3,PHONE_CODE) VALUES ('SIRIA','SYRIA','SYRIE','SY','SYR','963');
INSERT INTO TBL_PAIS(NOMBRE,NAME,NOM,ISO2,ISO3,PHONE_CODE) VALUES ('SOMALIA','SOMALIA','SOMALIE','SO','SOM','252');
INSERT INTO TBL_PAIS(NOMBRE,NAME,NOM,ISO2,ISO3,PHONE_CODE) VALUES ('SRI LANKA','SRI LANKA','SRI LANKA','LK','LKA','94');
INSERT INTO TBL_PAIS(NOMBRE,NAME,NOM,ISO2,ISO3,PHONE_CODE) VALUES ('SUDÁFRICA','SOUTH AFRICA','AFRIQUE DU SUD','ZA','ZAF','27');
INSERT INTO TBL_PAIS(NOMBRE,NAME,NOM,ISO2,ISO3,PHONE_CODE) VALUES ('SUDÁN','SUDAN','SOUDAN','SD','SDN','249');
INSERT INTO TBL_PAIS(NOMBRE,NAME,NOM,ISO2,ISO3,PHONE_CODE) VALUES ('SUECIA','SWEDEN','SUÈDE','SE','SWE','46');
INSERT INTO TBL_PAIS(NOMBRE,NAME,NOM,ISO2,ISO3,PHONE_CODE) VALUES ('SUIZA','SWITZERLAND','SUISSE','CH','CHE','41');
INSERT INTO TBL_PAIS(NOMBRE,NAME,NOM,ISO2,ISO3,PHONE_CODE) VALUES ('SURINÁM','SURINAME','SURINAM','SR','SUR','597');
INSERT INTO TBL_PAIS(NOMBRE,NAME,NOM,ISO2,ISO3,PHONE_CODE) VALUES ('SVALBARD Y JAN MAYEN','SVALBARD AND JAN MAYEN','SVALBARD ET JAN MAYEN','SJ','SJM',NULL);
INSERT INTO TBL_PAIS(NOMBRE,NAME,NOM,ISO2,ISO3,PHONE_CODE) VALUES ('SWAZILANDIA','SWAZILAND','SWAZILAND','SZ','SWZ','268');
INSERT INTO TBL_PAIS(NOMBRE,NAME,NOM,ISO2,ISO3,PHONE_CODE) VALUES ('TADJIKISTÁN','TAJIKISTAN','LE TADJIKISTAN','TJ','TJK','992');
INSERT INTO TBL_PAIS(NOMBRE,NAME,NOM,ISO2,ISO3,PHONE_CODE) VALUES ('TAILANDIA','THAILAND','THAÏLANDE','TH','THA','66');
INSERT INTO TBL_PAIS(NOMBRE,NAME,NOM,ISO2,ISO3,PHONE_CODE) VALUES ('TAIWÁN','TAIWAN','TAIWAN','TW','TWN','886');
INSERT INTO TBL_PAIS(NOMBRE,NAME,NOM,ISO2,ISO3,PHONE_CODE) VALUES ('TANZANIA','TANZANIA','TANZANIE','TZ','TZA','255');
INSERT INTO TBL_PAIS(NOMBRE,NAME,NOM,ISO2,ISO3,PHONE_CODE) VALUES ('TERRITORIO BRITÁNICO DEL OCÉANO ÍNDICO','BRITISH INDIAN OCEAN TERRITORY','TERRITOIRE BRITANNIQUE DE L''OCÉAN INDIEN','IO','IOT',NULL);
INSERT INTO TBL_PAIS(NOMBRE,NAME,NOM,ISO2,ISO3,PHONE_CODE) VALUES ('TERRITORIOS AUSTRALES Y ANTÁRTICAS FRANCESES','FRENCH SOUTHERN TERRITORIES','TERRES AUSTRALES FRANÇAISES','TF','ATF',NULL);
INSERT INTO TBL_PAIS(NOMBRE,NAME,NOM,ISO2,ISO3,PHONE_CODE) VALUES ('TIMOR ORIENTAL','EAST TIMOR','TIMOR-ORIENTAL','TL','TLS','670');
INSERT INTO TBL_PAIS(NOMBRE,NAME,NOM,ISO2,ISO3,PHONE_CODE) VALUES ('TOGO','TOGO','TOGO','TG','TGO','228');
INSERT INTO TBL_PAIS(NOMBRE,NAME,NOM,ISO2,ISO3,PHONE_CODE) VALUES ('TOKELAU','TOKELAU','TOKÉLAOU','TK','TKL','690');
INSERT INTO TBL_PAIS(NOMBRE,NAME,NOM,ISO2,ISO3,PHONE_CODE) VALUES ('TONGA','TONGA','TONGA','TO','TON','676');
INSERT INTO TBL_PAIS(NOMBRE,NAME,NOM,ISO2,ISO3,PHONE_CODE) VALUES ('TRINIDAD Y TOBAGO','TRINIDAD AND TOBAGO','TRINIDAD ET TOBAGO','TT','TTO','1 868');
INSERT INTO TBL_PAIS(NOMBRE,NAME,NOM,ISO2,ISO3,PHONE_CODE) VALUES ('TUNEZ','TUNISIA','TUNISIE','TN','TUN','216');
INSERT INTO TBL_PAIS(NOMBRE,NAME,NOM,ISO2,ISO3,PHONE_CODE) VALUES ('TURKMENISTÁN','TURKMENISTAN','LE TURKMÉNISTAN','TM','TKM','993');
INSERT INTO TBL_PAIS(NOMBRE,NAME,NOM,ISO2,ISO3,PHONE_CODE) VALUES ('TURQUÍA','TURKEY','TURQUIE','TR','TUR','90');
INSERT INTO TBL_PAIS(NOMBRE,NAME,NOM,ISO2,ISO3,PHONE_CODE) VALUES ('TUVALU','TUVALU','TUVALU','TV','TUV','688');
INSERT INTO TBL_PAIS(NOMBRE,NAME,NOM,ISO2,ISO3,PHONE_CODE) VALUES ('UCRANIA','UKRAINE','L''UKRAINE','UA','UKR','380');
INSERT INTO TBL_PAIS(NOMBRE,NAME,NOM,ISO2,ISO3,PHONE_CODE) VALUES ('UGANDA','UGANDA','OUGANDA','UG','UGA','256');
INSERT INTO TBL_PAIS(NOMBRE,NAME,NOM,ISO2,ISO3,PHONE_CODE) VALUES ('URUGUAY','URUGUAY','URUGUAY','UY','URY','598');
INSERT INTO TBL_PAIS(NOMBRE,NAME,NOM,ISO2,ISO3,PHONE_CODE) VALUES ('UZBEKISTÁN','UZBEKISTAN','L''OUZBÉKISTAN','UZ','UZB','998');
INSERT INTO TBL_PAIS(NOMBRE,NAME,NOM,ISO2,ISO3,PHONE_CODE) VALUES ('VANUATU','VANUATU','VANUATU','VU','VUT','678');
INSERT INTO TBL_PAIS(NOMBRE,NAME,NOM,ISO2,ISO3,PHONE_CODE) VALUES ('VENEZUELA','VENEZUELA','VENEZUELA','VE','VEN','58');
INSERT INTO TBL_PAIS(NOMBRE,NAME,NOM,ISO2,ISO3,PHONE_CODE) VALUES ('VIETNAM','VIETNAM','VIETNAM','VN','VNM','84');
INSERT INTO TBL_PAIS(NOMBRE,NAME,NOM,ISO2,ISO3,PHONE_CODE) VALUES ('WALLIS Y FUTUNA','WALLIS AND FUTUNA','WALLIS ET FUTUNA','WF','WLF','681');
INSERT INTO TBL_PAIS(NOMBRE,NAME,NOM,ISO2,ISO3,PHONE_CODE) VALUES ('YEMEN','YEMEN','YÉMEN','YE','YEM','967');
INSERT INTO TBL_PAIS(NOMBRE,NAME,NOM,ISO2,ISO3,PHONE_CODE) VALUES ('YIBUTI','DJIBOUTI','DJIBOUTI','DJ','DJI','253');
INSERT INTO TBL_PAIS(NOMBRE,NAME,NOM,ISO2,ISO3,PHONE_CODE) VALUES ('ZAMBIA','ZAMBIA','ZAMBIE','ZM','ZMB','260');
INSERT INTO TBL_PAIS(NOMBRE,NAME,NOM,ISO2,ISO3,PHONE_CODE) VALUES ('ZIMBABUE','ZIMBABWE','ZIMBABWE','ZW','ZWE','263');

## CREACION DE TABLA de ods DROP TABLE TBL_ODS
CREATE TABLE TBL_ODS(
   ID           INT(11) NOT NULL AUTO_INCREMENT
  ,Objetivo     VARCHAR(80) 
  ,Nombre       VARCHAR(80) 
  ,Descripción  VARCHAR(200) 
  ,PRIMARY KEY (ID)
);
INSERT INTO TBL_ODS(Objetivo, Nombre, Descripción) VALUES('1','Fin de la pobreza'	,'Para lograr este Objetivo de acabar con la pobreza, el crecimiento económico debe ser inclusivo, con el fin de crear empleos sostenibles y de promover la igualdad.');
INSERT INTO TBL_ODS(Objetivo, Nombre, Descripción) VALUES('2','Hambre cero'	,'El sector alimentario y el sector agrícola ofrecen soluciones claves para el desarrollo y son vitales para la eliminación del hambre y la pobreza.');
INSERT INTO TBL_ODS(Objetivo, Nombre, Descripción) VALUES('3','Salud y bienestar'	,'Para lograr los Objetivos de Desarrollo Sostenible, es fundamental garantizar una vida saludable y promover el bienestar universal.');
INSERT INTO TBL_ODS(Objetivo, Nombre, Descripción) VALUES('4','Educación de calidad'	,'La educación es la base para mejorar nuestra vida y el desarrollo sostenible.');
INSERT INTO TBL_ODS(Objetivo, Nombre, Descripción) VALUES('5','Igualdad de género'	,'La igualdad entre los géneros no es solo un derecho humano fundamental, sino la base necesaria para conseguir un mundo pacífico, próspero y sostenible.');
INSERT INTO TBL_ODS(Objetivo, Nombre, Descripción) VALUES('6','Agua limpia y saneamiento'	,'El agua libre de impurezas y accesible para todos es parte esencial del mundo en que queremos vivir.');
INSERT INTO TBL_ODS(Objetivo, Nombre, Descripción) VALUES('7','Energía asequible y no contaminante'	,'La energía es central para casi todos los grandes desafíos y oportunidades a los que se enfrenta el mundo en la actualidad.');
INSERT INTO TBL_ODS(Objetivo, Nombre, Descripción) VALUES('8','Trabajo decente y crecimiento económico'	,'Debemos reflexionar sobre este progreso lento y desigual, y revisar nuestras políticas económicas y sociales destinadas a erradicar la pobreza.');
INSERT INTO TBL_ODS(Objetivo, Nombre, Descripción) VALUES('9','Industria, innovación e infraestructuras'	,'Las inversiones en infraestructura son fundamentales para lograr un desarrollo sostenible.');
INSERT INTO TBL_ODS(Objetivo, Nombre, Descripción) VALUES('10','Reducción de las desigualdades'	,'Reducir la desigualdad en y entre los países.');
INSERT INTO TBL_ODS(Objetivo, Nombre, Descripción) VALUES('11','Ciudades y comunidades sostenibles'	,'Las inversiones en infraestructura son cruciales para lograr el desarrollo sostenible.');
INSERT INTO TBL_ODS(Objetivo, Nombre, Descripción) VALUES('12','Producción y consumo responsables'	,'El objetivo del consumo y la producción sostenibles es hacer más y mejores cosas con menos recursos.');
INSERT INTO TBL_ODS(Objetivo, Nombre, Descripción) VALUES('13','Acción por el clima'	,'El cambio climático es un reto global que no respeta las fronteras nacionales.');
INSERT INTO TBL_ODS(Objetivo, Nombre, Descripción) VALUES('14','Vida submarina'	,'Conservar y utilizar en forma sostenible los océanos, los mares y los recursos marinos para el desarrollo sostenible.');
INSERT INTO TBL_ODS(Objetivo, Nombre, Descripción) VALUES('15','Vida de ecosistemas terrestres'	,'Gestionar sosteniblemente los bosques, luchar contra la desertificación, detener e invertir la degradación de las tierras y detener la pérdida de biodiversidad.');
INSERT INTO TBL_ODS(Objetivo, Nombre, Descripción) VALUES('16','Paz, justicia e instituciones sólidas'	,'Acceso universal a la justicia y la construcción de instituciones responsables y eficaces a todos los niveles.');
INSERT INTO TBL_ODS(Objetivo, Nombre, Descripción) VALUES('17','Alianzas para lograr los objetivos'	,'Revitalizar la Alianza Mundial para el Desarrollo Sostenible.');

## CREACION DE TABLA Ambito_VAR_Flow_ODS Codigo	Ambito_VAR_Flow	ODS principal
CREATE TABLE TBL_Ambito_VAR_Flow_ODS(
   ID              INT(11) NOT NULL AUTO_INCREMENT
  ,Codigo          VARCHAR(80) 
  ,Ambito_VAR_Flow VARCHAR(80) 
  ,ODS             INT
  ,PRIMARY KEY (ID)
);

INSERT INTO TBL_Ambito_VAR_Flow_ODS(Codigo, Ambito_VAR_Flow, ODS) VALUES('Protección del aire y el clima',	'Inversión en Protección del aire y el clima en €',	13);
INSERT INTO TBL_Ambito_VAR_Flow_ODS(Codigo, Ambito_VAR_Flow, ODS) VALUES('Gestión de aguas residuales',	'Inversión en Gestión de aguas residuales en €',	6);
INSERT INTO TBL_Ambito_VAR_Flow_ODS(Codigo, Ambito_VAR_Flow, ODS) VALUES('Gestión de residuos',	'Inversión en Gestión de residuos en €',	12);
INSERT INTO TBL_Ambito_VAR_Flow_ODS(Codigo, Ambito_VAR_Flow, ODS) VALUES('Protección y descontaminación de suelos, aguas subterráneas y superficiales',	'Inversión en Protección y descontaminación de suelos, aguas subterráneas y superficiales en €',	14);
INSERT INTO TBL_Ambito_VAR_Flow_ODS(Codigo, Ambito_VAR_Flow, ODS) VALUES('Reducción del ruido y las vibraciones',	'Inversión en Reducción del ruido y las vibraciones en €',	3);
INSERT INTO TBL_Ambito_VAR_Flow_ODS(Codigo, Ambito_VAR_Flow, ODS) VALUES('Protección de la biodiversidad y los paisajes',	'Inversión en Protección de la biodiversidad y los paisajes en €',	15);
INSERT INTO TBL_Ambito_VAR_Flow_ODS(Codigo, Ambito_VAR_Flow, ODS) VALUES('Otras actividades de protección ambiental',	'Inversión en Otras actividades de protección ambiental en €',	15);
INSERT INTO TBL_Ambito_VAR_Flow_ODS(Codigo, Ambito_VAR_Flow, ODS) VALUES('BULKY',	'Bulky waste',	9);
INSERT INTO TBL_Ambito_VAR_Flow_ODS(Codigo, Ambito_VAR_Flow, ODS) VALUES('COMPOST',	'Composting',	7);
INSERT INTO TBL_Ambito_VAR_Flow_ODS(Codigo, Ambito_VAR_Flow, ODS) VALUES('COMPST_SHARE',	'% Composting',	7);
INSERT INTO TBL_Ambito_VAR_Flow_ODS(Codigo, Ambito_VAR_Flow, ODS) VALUES('DISP_SHARE',	'% Disposal',	7);
INSERT INTO TBL_Ambito_VAR_Flow_ODS(Codigo, Ambito_VAR_Flow, ODS) VALUES('DISPOSAL',	'Disposal operations',	7);
INSERT INTO TBL_Ambito_VAR_Flow_ODS(Codigo, Ambito_VAR_Flow, ODS) VALUES('HOUSE_LIKE',	'Household and similar waste',	11);
INSERT INTO TBL_Ambito_VAR_Flow_ODS(Codigo, Ambito_VAR_Flow, ODS) VALUES('HOUSEHOLD',	'Waste from households',	11);
INSERT INTO TBL_Ambito_VAR_Flow_ODS(Codigo, Ambito_VAR_Flow, ODS) VALUES('INC_SHARE',	'% Incineration',	7);
INSERT INTO TBL_Ambito_VAR_Flow_ODS(Codigo, Ambito_VAR_Flow, ODS) VALUES('INC_WITH_SHARE',	'% Incineration with energy recovery',	7);
INSERT INTO TBL_Ambito_VAR_Flow_ODS(Codigo, Ambito_VAR_Flow, ODS) VALUES('INC_WITHOUT_SHARE',	'% Incineration without energy recovery',	7);
INSERT INTO TBL_Ambito_VAR_Flow_ODS(Codigo, Ambito_VAR_Flow, ODS) VALUES('INCINERATION',	'Total Incineration',	7);
INSERT INTO TBL_Ambito_VAR_Flow_ODS(Codigo, Ambito_VAR_Flow, ODS) VALUES('INCINERATION_WITH',	'Incineration with energy recovery',	7);
INSERT INTO TBL_Ambito_VAR_Flow_ODS(Codigo, Ambito_VAR_Flow, ODS) VALUES('INCINERATION_WITHOUT',	'Incineration without energy recovery',	7);
INSERT INTO TBL_Ambito_VAR_Flow_ODS(Codigo, Ambito_VAR_Flow, ODS) VALUES('LANDF_SHARE',	'% Landfill',	12);
INSERT INTO TBL_Ambito_VAR_Flow_ODS(Codigo, Ambito_VAR_Flow, ODS) VALUES('LANDFILL',	'Landfill',	12);
INSERT INTO TBL_Ambito_VAR_Flow_ODS(Codigo, Ambito_VAR_Flow, ODS) VALUES('MAT_RECOV_SHARE',	'% Material recovery (Recycling + Composting)',	7);
INSERT INTO TBL_Ambito_VAR_Flow_ODS(Codigo, Ambito_VAR_Flow, ODS) VALUES('MUNICIPAL',	'Municipal waste generated',	11);
INSERT INTO TBL_Ambito_VAR_Flow_ODS(Codigo, Ambito_VAR_Flow, ODS) VALUES('MW_CAP',	'Municipal waste generated per capita',	11);
INSERT INTO TBL_Ambito_VAR_Flow_ODS(Codigo, Ambito_VAR_Flow, ODS) VALUES('OTH_DISP',	'Other disposal',	7);
INSERT INTO TBL_Ambito_VAR_Flow_ODS(Codigo, Ambito_VAR_Flow, ODS) VALUES('OTH_RECOV',	'Other recovery',	7);
INSERT INTO TBL_Ambito_VAR_Flow_ODS(Codigo, Ambito_VAR_Flow, ODS) VALUES('OTHMUN',	'Other municipal waste',	11);
INSERT INTO TBL_Ambito_VAR_Flow_ODS(Codigo, Ambito_VAR_Flow, ODS) VALUES('RECOV_SHARE',	'% Recovery',	12);
INSERT INTO TBL_Ambito_VAR_Flow_ODS(Codigo, Ambito_VAR_Flow, ODS) VALUES('RECOVERY',	'Amount designated for recovery operations',	12);
INSERT INTO TBL_Ambito_VAR_Flow_ODS(Codigo, Ambito_VAR_Flow, ODS) VALUES('RECYCLING',	'Recycling',	12);
INSERT INTO TBL_Ambito_VAR_Flow_ODS(Codigo, Ambito_VAR_Flow, ODS) VALUES('RECYCLING_SHARE',	'% Recycling',	12);
INSERT INTO TBL_Ambito_VAR_Flow_ODS(Codigo, Ambito_VAR_Flow, ODS) VALUES('TREATMENT',	'Municipal waste treated',	11);
INSERT INTO TBL_Ambito_VAR_Flow_ODS(Codigo, Ambito_VAR_Flow, ODS) VALUES('WEEE',	'Electric and electronic equipment waste',	7);
INSERT INTO TBL_Ambito_VAR_Flow_ODS(Codigo, Ambito_VAR_Flow, ODS) VALUES('Production (ktoe)',	'Production (ktoe)',	12);
INSERT INTO TBL_Ambito_VAR_Flow_ODS(Codigo, Ambito_VAR_Flow, ODS) VALUES('Imports (ktoe)',	'Imports (ktoe)',	9);
INSERT INTO TBL_Ambito_VAR_Flow_ODS(Codigo, Ambito_VAR_Flow, ODS) VALUES('Exports (ktoe)',	'Exports (ktoe)',	9);
INSERT INTO TBL_Ambito_VAR_Flow_ODS(Codigo, Ambito_VAR_Flow, ODS) VALUES('Total energy supply (ktoe)',	'Total energy supply (ktoe)',	7);
INSERT INTO TBL_Ambito_VAR_Flow_ODS(Codigo, Ambito_VAR_Flow, ODS) VALUES('Electricity, CHP and heat plants (ktoe)',	'Electricity, CHP and heat plants (ktoe)',	7);
INSERT INTO TBL_Ambito_VAR_Flow_ODS(Codigo, Ambito_VAR_Flow, ODS) VALUES('Oil refineries, transformation (ktoe)',	'Oil refineries, transformation (ktoe)',	12);
INSERT INTO TBL_Ambito_VAR_Flow_ODS(Codigo, Ambito_VAR_Flow, ODS) VALUES('Total final consumption (ktoe)',	'Total final consumption (ktoe)',	9);
INSERT INTO TBL_Ambito_VAR_Flow_ODS(Codigo, Ambito_VAR_Flow, ODS) VALUES('Industry (ktoe)',	'Industry (ktoe)',	9);
INSERT INTO TBL_Ambito_VAR_Flow_ODS(Codigo, Ambito_VAR_Flow, ODS) VALUES('Transport (ktoe)',	'Transport (ktoe)',	9);
INSERT INTO TBL_Ambito_VAR_Flow_ODS(Codigo, Ambito_VAR_Flow, ODS) VALUES('Residential (ktoe)',	'Residential (ktoe)',	11);
INSERT INTO TBL_Ambito_VAR_Flow_ODS(Codigo, Ambito_VAR_Flow, ODS) VALUES('Commercial and public services (ktoe)',	'Commercial and public services (ktoe)',	12);
INSERT INTO TBL_Ambito_VAR_Flow_ODS(Codigo, Ambito_VAR_Flow, ODS) VALUES('Other final consumption (ktoe)',	'Other final consumption (ktoe)',	9);
INSERT INTO TBL_Ambito_VAR_Flow_ODS(Codigo, Ambito_VAR_Flow, ODS) VALUES('Electricity output (GWh)',	'Electricity output (GWh)',	7);
INSERT INTO TBL_Ambito_VAR_Flow_ODS(Codigo, Ambito_VAR_Flow, ODS) VALUES('MPA_KM2',	'Área protegida marina',	14);
INSERT INTO TBL_Ambito_VAR_Flow_ODS(Codigo, Ambito_VAR_Flow, ODS) VALUES('TPA_KM2',	'Área protegida terrestre',	15);
INSERT INTO TBL_Ambito_VAR_Flow_ODS(Codigo, Ambito_VAR_Flow, ODS) VALUES('TPA_PC',	'Área protegida terrestre ',	15);

/*********************************************/


CREATE TABLE tbl_clientes(
  id INT(11) NOT NULL AUTO_INCREMENT,
  nombre VARCHAR(200),
  email VARCHAR(150),
  telefono VARCHAR(15),
  PRIMARY KEY (ID)
);

CREATE TABLE TBL_SUSCRIPCION(
  ID INT(11) NOT NULL AUTO_INCREMENT,
  NOMBRES   VARCHAR(100),
  APELLIDOS VARCHAR(100),
  CORREO    VARCHAR(150),
  DIRECCION VARCHAR(150),
  SEXO     CHAR(1),
  PAIS VARCHAR(150),
  ES_ENERGETICO CHAR(1),
  ES_ODS CHAR(1),
  TIPO_SUSCRICION CHAR(1),
  PRIMARY KEY (ID)
);
##ACTIVIDAD 3
CREATE TABLE TBL_PETROLEO_INF(
  ID INT(11) NOT NULL AUTO_INCREMENT,
  ID_PAIS   VARCHAR(100),
  VENTA	    DECIMAL,
  MES       VARCHAR(6),
  ANIO      VARCHAR(6),
  PRIMARY KEY (ID)
);
##SELECT * FROM TBL_PAIS WHERE ID IN (57,12,45,179,31);
##INSERT DE PAGINA 3
##ECUADOR
INSERT INTO TBL_PETROLEO_INF(ID_PAIS, VENTA, MES, ANIO) VALUES(57, 5000, '01', '2020');
INSERT INTO TBL_PETROLEO_INF(ID_PAIS, VENTA, MES, ANIO) VALUES(57, 1200, '02', '2020');
INSERT INTO TBL_PETROLEO_INF(ID_PAIS, VENTA, MES, ANIO) VALUES(57, 8000, '03', '2020');
INSERT INTO TBL_PETROLEO_INF(ID_PAIS, VENTA, MES, ANIO) VALUES(57, 325000, '04', '2020');
INSERT INTO TBL_PETROLEO_INF(ID_PAIS, VENTA, MES, ANIO) VALUES(57, 10000, '05', '2020');
INSERT INTO TBL_PETROLEO_INF(ID_PAIS, VENTA, MES, ANIO) VALUES(57, 12000, '06', '2020');
INSERT INTO TBL_PETROLEO_INF(ID_PAIS, VENTA, MES, ANIO) VALUES(57, 5230, '07', '2020');
INSERT INTO TBL_PETROLEO_INF(ID_PAIS, VENTA, MES, ANIO) VALUES(57, 4562, '08', '2020');
INSERT INTO TBL_PETROLEO_INF(ID_PAIS, VENTA, MES, ANIO) VALUES(57, 8965, '09', '2020');
INSERT INTO TBL_PETROLEO_INF(ID_PAIS, VENTA, MES, ANIO) VALUES(57, 1254, '010', '2020');
INSERT INTO TBL_PETROLEO_INF(ID_PAIS, VENTA, MES, ANIO) VALUES(57, 7856, '011', '2020');
INSERT INTO TBL_PETROLEO_INF(ID_PAIS, VENTA, MES, ANIO) VALUES(57, 9865, '012', '2020');

INSERT INTO TBL_PETROLEO_INF(ID_PAIS, VENTA, MES, ANIO) VALUES(12, 5462, '01', '2020');
INSERT INTO TBL_PETROLEO_INF(ID_PAIS, VENTA, MES, ANIO) VALUES(12, 235, '02', '2020');
INSERT INTO TBL_PETROLEO_INF(ID_PAIS, VENTA, MES, ANIO) VALUES(12, 5684, '03', '2020');
INSERT INTO TBL_PETROLEO_INF(ID_PAIS, VENTA, MES, ANIO) VALUES(12, 5468, '04', '2020');
INSERT INTO TBL_PETROLEO_INF(ID_PAIS, VENTA, MES, ANIO) VALUES(12, 5124, '05', '2020');
INSERT INTO TBL_PETROLEO_INF(ID_PAIS, VENTA, MES, ANIO) VALUES(12, 6985, '06', '2020');
INSERT INTO TBL_PETROLEO_INF(ID_PAIS, VENTA, MES, ANIO) VALUES(12, 7842, '07', '2020');
INSERT INTO TBL_PETROLEO_INF(ID_PAIS, VENTA, MES, ANIO) VALUES(12, 1256, '08', '2020');
INSERT INTO TBL_PETROLEO_INF(ID_PAIS, VENTA, MES, ANIO) VALUES(12, 4586, '09', '2020');
INSERT INTO TBL_PETROLEO_INF(ID_PAIS, VENTA, MES, ANIO) VALUES(12, 8452, '010', '2020');
INSERT INTO TBL_PETROLEO_INF(ID_PAIS, VENTA, MES, ANIO) VALUES(12, 2564, '011', '2020');
INSERT INTO TBL_PETROLEO_INF(ID_PAIS, VENTA, MES, ANIO) VALUES(12, 4698, '012', '2020');

INSERT INTO TBL_PETROLEO_INF(ID_PAIS, VENTA, MES, ANIO) VALUES(45, 8976, '01', '2020');
INSERT INTO TBL_PETROLEO_INF(ID_PAIS, VENTA, MES, ANIO) VALUES(45, 567, '02', '2020');
INSERT INTO TBL_PETROLEO_INF(ID_PAIS, VENTA, MES, ANIO) VALUES(45, 367, '03', '2020');
INSERT INTO TBL_PETROLEO_INF(ID_PAIS, VENTA, MES, ANIO) VALUES(45, 5468, '04', '2020');
INSERT INTO TBL_PETROLEO_INF(ID_PAIS, VENTA, MES, ANIO) VALUES(45, 5124, '05', '2020');
INSERT INTO TBL_PETROLEO_INF(ID_PAIS, VENTA, MES, ANIO) VALUES(45, 5432, '06', '2020');
INSERT INTO TBL_PETROLEO_INF(ID_PAIS, VENTA, MES, ANIO) VALUES(45, 435, '07', '2020');
INSERT INTO TBL_PETROLEO_INF(ID_PAIS, VENTA, MES, ANIO) VALUES(45, 5678, '08', '2020');
INSERT INTO TBL_PETROLEO_INF(ID_PAIS, VENTA, MES, ANIO) VALUES(45, 4345, '09', '2020');
INSERT INTO TBL_PETROLEO_INF(ID_PAIS, VENTA, MES, ANIO) VALUES(45, 8976, '010', '2020');
INSERT INTO TBL_PETROLEO_INF(ID_PAIS, VENTA, MES, ANIO) VALUES(45, 7809, '011', '2020');
INSERT INTO TBL_PETROLEO_INF(ID_PAIS, VENTA, MES, ANIO) VALUES(45, 8907, '012', '2020');

INSERT INTO TBL_PETROLEO_INF(ID_PAIS, VENTA, MES, ANIO) VALUES(179, 8976, '01', '2020');
INSERT INTO TBL_PETROLEO_INF(ID_PAIS, VENTA, MES, ANIO) VALUES(179, 1234, '02', '2020');
INSERT INTO TBL_PETROLEO_INF(ID_PAIS, VENTA, MES, ANIO) VALUES(179, 543, '03', '2020');
INSERT INTO TBL_PETROLEO_INF(ID_PAIS, VENTA, MES, ANIO) VALUES(179, 5468, '04', '2020');
INSERT INTO TBL_PETROLEO_INF(ID_PAIS, VENTA, MES, ANIO) VALUES(179, 2334, '05', '2020');
INSERT INTO TBL_PETROLEO_INF(ID_PAIS, VENTA, MES, ANIO) VALUES(179, 5678, '06', '2020');
INSERT INTO TBL_PETROLEO_INF(ID_PAIS, VENTA, MES, ANIO) VALUES(179, 435, '07', '2020');
INSERT INTO TBL_PETROLEO_INF(ID_PAIS, VENTA, MES, ANIO) VALUES(179, 9907, '08', '2020');
INSERT INTO TBL_PETROLEO_INF(ID_PAIS, VENTA, MES, ANIO) VALUES(179, 5412, '09', '2020');
INSERT INTO TBL_PETROLEO_INF(ID_PAIS, VENTA, MES, ANIO) VALUES(179, 845, '010', '2020');
INSERT INTO TBL_PETROLEO_INF(ID_PAIS, VENTA, MES, ANIO) VALUES(179, 6587, '011', '2020');
INSERT INTO TBL_PETROLEO_INF(ID_PAIS, VENTA, MES, ANIO) VALUES(179, 3256, '012', '2020');

INSERT INTO TBL_PETROLEO_INF(ID_PAIS, VENTA, MES, ANIO) VALUES(31, 2345, '01', '2020');
INSERT INTO TBL_PETROLEO_INF(ID_PAIS, VENTA, MES, ANIO) VALUES(31, 6794, '02', '2020');
INSERT INTO TBL_PETROLEO_INF(ID_PAIS, VENTA, MES, ANIO) VALUES(31, 4567, '03', '2020');
INSERT INTO TBL_PETROLEO_INF(ID_PAIS, VENTA, MES, ANIO) VALUES(31, 9870, '04', '2020');
INSERT INTO TBL_PETROLEO_INF(ID_PAIS, VENTA, MES, ANIO) VALUES(31, 8907, '05', '2020');
INSERT INTO TBL_PETROLEO_INF(ID_PAIS, VENTA, MES, ANIO) VALUES(31, 6790, '06', '2020');
INSERT INTO TBL_PETROLEO_INF(ID_PAIS, VENTA, MES, ANIO) VALUES(31, 3476, '07', '2020');
INSERT INTO TBL_PETROLEO_INF(ID_PAIS, VENTA, MES, ANIO) VALUES(31, 3489, '08', '2020');
INSERT INTO TBL_PETROLEO_INF(ID_PAIS, VENTA, MES, ANIO) VALUES(31, 9065, '09', '2020');
INSERT INTO TBL_PETROLEO_INF(ID_PAIS, VENTA, MES, ANIO) VALUES(31, 32456, '010', '2020');
INSERT INTO TBL_PETROLEO_INF(ID_PAIS, VENTA, MES, ANIO) VALUES(31, 6547, '011', '2020');
INSERT INTO TBL_PETROLEO_INF(ID_PAIS, VENTA, MES, ANIO) VALUES(31, 8997, '012', '2020');

##ECUADOR
INSERT INTO TBL_PETROLEO_INF(ID_PAIS, VENTA, MES, ANIO) VALUES(12, 5000, '01', '2021');
INSERT INTO TBL_PETROLEO_INF(ID_PAIS, VENTA, MES, ANIO) VALUES(12, 1200, '02', '2021');
INSERT INTO TBL_PETROLEO_INF(ID_PAIS, VENTA, MES, ANIO) VALUES(12, 8000, '03', '2021');
INSERT INTO TBL_PETROLEO_INF(ID_PAIS, VENTA, MES, ANIO) VALUES(12, 325000, '04', '2021');
INSERT INTO TBL_PETROLEO_INF(ID_PAIS, VENTA, MES, ANIO) VALUES(12, 10000, '05', '2021');
INSERT INTO TBL_PETROLEO_INF(ID_PAIS, VENTA, MES, ANIO) VALUES(12, 12000, '06', '2021');
INSERT INTO TBL_PETROLEO_INF(ID_PAIS, VENTA, MES, ANIO) VALUES(12, 5230, '07', '2021');
INSERT INTO TBL_PETROLEO_INF(ID_PAIS, VENTA, MES, ANIO) VALUES(12, 4562, '08', '2021');
INSERT INTO TBL_PETROLEO_INF(ID_PAIS, VENTA, MES, ANIO) VALUES(12, 8965, '09', '2021');
INSERT INTO TBL_PETROLEO_INF(ID_PAIS, VENTA, MES, ANIO) VALUES(12, 1254, '010', '2021');
INSERT INTO TBL_PETROLEO_INF(ID_PAIS, VENTA, MES, ANIO) VALUES(12, 7856, '011', '2021');
INSERT INTO TBL_PETROLEO_INF(ID_PAIS, VENTA, MES, ANIO) VALUES(12, 9865, '012', '2021');

INSERT INTO TBL_PETROLEO_INF(ID_PAIS, VENTA, MES, ANIO) VALUES(57, 5462, '01', '2021');
INSERT INTO TBL_PETROLEO_INF(ID_PAIS, VENTA, MES, ANIO) VALUES(57, 235, '02', '2021');
INSERT INTO TBL_PETROLEO_INF(ID_PAIS, VENTA, MES, ANIO) VALUES(57, 5684, '03', '2021');
INSERT INTO TBL_PETROLEO_INF(ID_PAIS, VENTA, MES, ANIO) VALUES(57, 5468, '04', '2021');
INSERT INTO TBL_PETROLEO_INF(ID_PAIS, VENTA, MES, ANIO) VALUES(57, 5124, '05', '2021');
INSERT INTO TBL_PETROLEO_INF(ID_PAIS, VENTA, MES, ANIO) VALUES(57, 6985, '06', '2021');
INSERT INTO TBL_PETROLEO_INF(ID_PAIS, VENTA, MES, ANIO) VALUES(57, 7842, '07', '2021');
INSERT INTO TBL_PETROLEO_INF(ID_PAIS, VENTA, MES, ANIO) VALUES(57, 1256, '08', '2021');
INSERT INTO TBL_PETROLEO_INF(ID_PAIS, VENTA, MES, ANIO) VALUES(57, 4586, '09', '2021');
INSERT INTO TBL_PETROLEO_INF(ID_PAIS, VENTA, MES, ANIO) VALUES(57, 8452, '010', '2021');
INSERT INTO TBL_PETROLEO_INF(ID_PAIS, VENTA, MES, ANIO) VALUES(57, 2564, '011', '2021');
INSERT INTO TBL_PETROLEO_INF(ID_PAIS, VENTA, MES, ANIO) VALUES(57, 4698, '012', '2021');

INSERT INTO TBL_PETROLEO_INF(ID_PAIS, VENTA, MES, ANIO) VALUES(179, 8976, '01', '2021');
INSERT INTO TBL_PETROLEO_INF(ID_PAIS, VENTA, MES, ANIO) VALUES(179, 567, '02', '2021');
INSERT INTO TBL_PETROLEO_INF(ID_PAIS, VENTA, MES, ANIO) VALUES(179, 367, '03', '2021');
INSERT INTO TBL_PETROLEO_INF(ID_PAIS, VENTA, MES, ANIO) VALUES(179, 5468, '04', '2021');
INSERT INTO TBL_PETROLEO_INF(ID_PAIS, VENTA, MES, ANIO) VALUES(179, 5124, '05', '2021');
INSERT INTO TBL_PETROLEO_INF(ID_PAIS, VENTA, MES, ANIO) VALUES(179, 5432, '06', '2021');
INSERT INTO TBL_PETROLEO_INF(ID_PAIS, VENTA, MES, ANIO) VALUES(179, 435, '07', '2021');
INSERT INTO TBL_PETROLEO_INF(ID_PAIS, VENTA, MES, ANIO) VALUES(179, 5678, '08', '2021');
INSERT INTO TBL_PETROLEO_INF(ID_PAIS, VENTA, MES, ANIO) VALUES(179, 4345, '09', '2021');
INSERT INTO TBL_PETROLEO_INF(ID_PAIS, VENTA, MES, ANIO) VALUES(179, 8976, '010', '2021');
INSERT INTO TBL_PETROLEO_INF(ID_PAIS, VENTA, MES, ANIO) VALUES(179, 7809, '011', '2021');
INSERT INTO TBL_PETROLEO_INF(ID_PAIS, VENTA, MES, ANIO) VALUES(179, 8907, '012', '2021');

INSERT INTO TBL_PETROLEO_INF(ID_PAIS, VENTA, MES, ANIO) VALUES(45, 8976, '01', '2021');
INSERT INTO TBL_PETROLEO_INF(ID_PAIS, VENTA, MES, ANIO) VALUES(45, 1234, '02', '2021');
INSERT INTO TBL_PETROLEO_INF(ID_PAIS, VENTA, MES, ANIO) VALUES(45, 543, '03', '2021');
INSERT INTO TBL_PETROLEO_INF(ID_PAIS, VENTA, MES, ANIO) VALUES(45, 5468, '04', '2021');
INSERT INTO TBL_PETROLEO_INF(ID_PAIS, VENTA, MES, ANIO) VALUES(45, 2334, '05', '2021');
INSERT INTO TBL_PETROLEO_INF(ID_PAIS, VENTA, MES, ANIO) VALUES(45, 5678, '06', '2021');
INSERT INTO TBL_PETROLEO_INF(ID_PAIS, VENTA, MES, ANIO) VALUES(45, 435, '07', '2021');
INSERT INTO TBL_PETROLEO_INF(ID_PAIS, VENTA, MES, ANIO) VALUES(45, 9907, '08', '2021');
INSERT INTO TBL_PETROLEO_INF(ID_PAIS, VENTA, MES, ANIO) VALUES(45, 5412, '09', '2021');
INSERT INTO TBL_PETROLEO_INF(ID_PAIS, VENTA, MES, ANIO) VALUES(45, 845, '010', '2021');
INSERT INTO TBL_PETROLEO_INF(ID_PAIS, VENTA, MES, ANIO) VALUES(45, 6587, '011', '2021');
INSERT INTO TBL_PETROLEO_INF(ID_PAIS, VENTA, MES, ANIO) VALUES(45, 3256, '012', '2021');

INSERT INTO TBL_PETROLEO_INF(ID_PAIS, VENTA, MES, ANIO) VALUES(31, 2334, '01', '2021');
INSERT INTO TBL_PETROLEO_INF(ID_PAIS, VENTA, MES, ANIO) VALUES(31, 4534, '02', '2021');
INSERT INTO TBL_PETROLEO_INF(ID_PAIS, VENTA, MES, ANIO) VALUES(31, 4567, '03', '2021');
INSERT INTO TBL_PETROLEO_INF(ID_PAIS, VENTA, MES, ANIO) VALUES(31, 7789, '04', '2021');
INSERT INTO TBL_PETROLEO_INF(ID_PAIS, VENTA, MES, ANIO) VALUES(31, 6433, '05', '2021');
INSERT INTO TBL_PETROLEO_INF(ID_PAIS, VENTA, MES, ANIO) VALUES(31, 65765, '06', '2021');
INSERT INTO TBL_PETROLEO_INF(ID_PAIS, VENTA, MES, ANIO) VALUES(31, 45633, '07', '2021');
INSERT INTO TBL_PETROLEO_INF(ID_PAIS, VENTA, MES, ANIO) VALUES(31, 4355, '08', '2021');
INSERT INTO TBL_PETROLEO_INF(ID_PAIS, VENTA, MES, ANIO) VALUES(31, 654, '09', '2021');
INSERT INTO TBL_PETROLEO_INF(ID_PAIS, VENTA, MES, ANIO) VALUES(31, 345, '010', '2021');
INSERT INTO TBL_PETROLEO_INF(ID_PAIS, VENTA, MES, ANIO) VALUES(31, 55645, '011', '2021');
INSERT INTO TBL_PETROLEO_INF(ID_PAIS, VENTA, MES, ANIO) VALUES(31, 56456, '012', '2021');

##ECUADOR
INSERT INTO TBL_PETROLEO_INF(ID_PAIS, VENTA, MES, ANIO) VALUES(31, 5000, '01', '2022');
INSERT INTO TBL_PETROLEO_INF(ID_PAIS, VENTA, MES, ANIO) VALUES(31, 1200, '02', '2022');
INSERT INTO TBL_PETROLEO_INF(ID_PAIS, VENTA, MES, ANIO) VALUES(31, 8000, '03', '2022');
INSERT INTO TBL_PETROLEO_INF(ID_PAIS, VENTA, MES, ANIO) VALUES(31, 325000, '04', '2022');
INSERT INTO TBL_PETROLEO_INF(ID_PAIS, VENTA, MES, ANIO) VALUES(31, 10000, '05', '2022');
INSERT INTO TBL_PETROLEO_INF(ID_PAIS, VENTA, MES, ANIO) VALUES(31, 12000, '06', '2022');
INSERT INTO TBL_PETROLEO_INF(ID_PAIS, VENTA, MES, ANIO) VALUES(31, 3432, '07', '2022');
INSERT INTO TBL_PETROLEO_INF(ID_PAIS, VENTA, MES, ANIO) VALUES(31, 4562, '08', '2022');
INSERT INTO TBL_PETROLEO_INF(ID_PAIS, VENTA, MES, ANIO) VALUES(31, 8965, '09', '2022');
INSERT INTO TBL_PETROLEO_INF(ID_PAIS, VENTA, MES, ANIO) VALUES(31, 1254, '010', '2022');
INSERT INTO TBL_PETROLEO_INF(ID_PAIS, VENTA, MES, ANIO) VALUES(31, 7856, '011', '2022');
INSERT INTO TBL_PETROLEO_INF(ID_PAIS, VENTA, MES, ANIO) VALUES(31, 9865, '012', '2022');

INSERT INTO TBL_PETROLEO_INF(ID_PAIS, VENTA, MES, ANIO) VALUES(45, 5462, '01', '2022');
INSERT INTO TBL_PETROLEO_INF(ID_PAIS, VENTA, MES, ANIO) VALUES(45, 235, '02', '2022');
INSERT INTO TBL_PETROLEO_INF(ID_PAIS, VENTA, MES, ANIO) VALUES(45, 3432, '03', '2022');
INSERT INTO TBL_PETROLEO_INF(ID_PAIS, VENTA, MES, ANIO) VALUES(45, 5468, '04', '2022');
INSERT INTO TBL_PETROLEO_INF(ID_PAIS, VENTA, MES, ANIO) VALUES(45, 5124, '05', '2022');
INSERT INTO TBL_PETROLEO_INF(ID_PAIS, VENTA, MES, ANIO) VALUES(45, 6985, '06', '2022');
INSERT INTO TBL_PETROLEO_INF(ID_PAIS, VENTA, MES, ANIO) VALUES(45, 7842, '07', '2022');
INSERT INTO TBL_PETROLEO_INF(ID_PAIS, VENTA, MES, ANIO) VALUES(45, 23432, '08', '2022');
INSERT INTO TBL_PETROLEO_INF(ID_PAIS, VENTA, MES, ANIO) VALUES(45, 4586, '09', '2022');
INSERT INTO TBL_PETROLEO_INF(ID_PAIS, VENTA, MES, ANIO) VALUES(45, 23432, '010', '2022');
INSERT INTO TBL_PETROLEO_INF(ID_PAIS, VENTA, MES, ANIO) VALUES(45, 2564, '011', '2022');
INSERT INTO TBL_PETROLEO_INF(ID_PAIS, VENTA, MES, ANIO) VALUES(45, 4698, '012', '2022');

INSERT INTO TBL_PETROLEO_INF(ID_PAIS, VENTA, MES, ANIO) VALUES(57, 8976, '01', '2022');
INSERT INTO TBL_PETROLEO_INF(ID_PAIS, VENTA, MES, ANIO) VALUES(57, 567, '02', '2022');
INSERT INTO TBL_PETROLEO_INF(ID_PAIS, VENTA, MES, ANIO) VALUES(57, 2343, '03', '2022');
INSERT INTO TBL_PETROLEO_INF(ID_PAIS, VENTA, MES, ANIO) VALUES(57, 5468, '04', '2022');
INSERT INTO TBL_PETROLEO_INF(ID_PAIS, VENTA, MES, ANIO) VALUES(57, 5124, '05', '2022');
INSERT INTO TBL_PETROLEO_INF(ID_PAIS, VENTA, MES, ANIO) VALUES(57, 5432, '06', '2022');
INSERT INTO TBL_PETROLEO_INF(ID_PAIS, VENTA, MES, ANIO) VALUES(57, 435, '07', '2022');
INSERT INTO TBL_PETROLEO_INF(ID_PAIS, VENTA, MES, ANIO) VALUES(57, 3243, '08', '2022');
INSERT INTO TBL_PETROLEO_INF(ID_PAIS, VENTA, MES, ANIO) VALUES(57, 4345, '09', '2022');
INSERT INTO TBL_PETROLEO_INF(ID_PAIS, VENTA, MES, ANIO) VALUES(57, 3432, '010', '2022');
INSERT INTO TBL_PETROLEO_INF(ID_PAIS, VENTA, MES, ANIO) VALUES(57, 324324, '011', '2022');
INSERT INTO TBL_PETROLEO_INF(ID_PAIS, VENTA, MES, ANIO) VALUES(57, 8907, '012', '2022');

INSERT INTO TBL_PETROLEO_INF(ID_PAIS, VENTA, MES, ANIO) VALUES(179, 8976, '01', '2022');
INSERT INTO TBL_PETROLEO_INF(ID_PAIS, VENTA, MES, ANIO) VALUES(179, 1234, '02', '2022');
INSERT INTO TBL_PETROLEO_INF(ID_PAIS, VENTA, MES, ANIO) VALUES(179, 543, '03', '2022');
INSERT INTO TBL_PETROLEO_INF(ID_PAIS, VENTA, MES, ANIO) VALUES(179, 5468, '04', '2022');
INSERT INTO TBL_PETROLEO_INF(ID_PAIS, VENTA, MES, ANIO) VALUES(179, 2334, '05', '2022');
INSERT INTO TBL_PETROLEO_INF(ID_PAIS, VENTA, MES, ANIO) VALUES(179, 5678, '06', '2022');
INSERT INTO TBL_PETROLEO_INF(ID_PAIS, VENTA, MES, ANIO) VALUES(179, 435, '07', '2022');
INSERT INTO TBL_PETROLEO_INF(ID_PAIS, VENTA, MES, ANIO) VALUES(179, 9907, '08', '2022');
INSERT INTO TBL_PETROLEO_INF(ID_PAIS, VENTA, MES, ANIO) VALUES(179, 5412, '09', '2022');
INSERT INTO TBL_PETROLEO_INF(ID_PAIS, VENTA, MES, ANIO) VALUES(179, 845, '010', '2022');
INSERT INTO TBL_PETROLEO_INF(ID_PAIS, VENTA, MES, ANIO) VALUES(179, 6587, '011', '2022');
INSERT INTO TBL_PETROLEO_INF(ID_PAIS, VENTA, MES, ANIO) VALUES(179, 3256, '012', '2022');

INSERT INTO TBL_PETROLEO_INF(ID_PAIS, VENTA, MES, ANIO) VALUES(12, 2334, '01', '2022');
INSERT INTO TBL_PETROLEO_INF(ID_PAIS, VENTA, MES, ANIO) VALUES(12, 3432, '02', '2022');
INSERT INTO TBL_PETROLEO_INF(ID_PAIS, VENTA, MES, ANIO) VALUES(12, 4567, '03', '2022');
INSERT INTO TBL_PETROLEO_INF(ID_PAIS, VENTA, MES, ANIO) VALUES(12, 32432, '04', '2022');
INSERT INTO TBL_PETROLEO_INF(ID_PAIS, VENTA, MES, ANIO) VALUES(12, 6433, '05', '2022');
INSERT INTO TBL_PETROLEO_INF(ID_PAIS, VENTA, MES, ANIO) VALUES(12, 23432, '06', '2022');
INSERT INTO TBL_PETROLEO_INF(ID_PAIS, VENTA, MES, ANIO) VALUES(12, 3432, '07', '2022');
INSERT INTO TBL_PETROLEO_INF(ID_PAIS, VENTA, MES, ANIO) VALUES(12, 4534, '08', '2022');
INSERT INTO TBL_PETROLEO_INF(ID_PAIS, VENTA, MES, ANIO) VALUES(12, 45345, '09', '2022');
INSERT INTO TBL_PETROLEO_INF(ID_PAIS, VENTA, MES, ANIO) VALUES(12, 345, '010', '2022');
INSERT INTO TBL_PETROLEO_INF(ID_PAIS, VENTA, MES, ANIO) VALUES(12, 55645, '011', '2022');
INSERT INTO TBL_PETROLEO_INF(ID_PAIS, VENTA, MES, ANIO) VALUES(12, 56456, '012', '2022');

##pantalla 5
CREATE TABLE datos_espania (
    Periodo	varchar(300),
    Sector	varchar(300),
    Tipo	varchar(300),
    Ambito	varchar(300),
    Andalucia	varchar(300),
    Aragon	varchar(300),
    Asturias	varchar(300),
    Balears	varchar(300),
    Canarias	varchar(300),
    Cantabria	varchar(300),
    Castilla_Leon	varchar(300),
    Castilla_La_Mancha	varchar(300),
    Catalunia	varchar(300),
    Comunitat_Valenciana	varchar(300),
    Extremadura	varchar(300),
    Galicia	varchar(300),
    Madrid	varchar(300),
    Murcia	varchar(300),
    Navarra	varchar(300),
    Pais_Vasco	varchar(300),
    Rioja	varchar(300),
    Total_nacional	varchar(300)
);

INSERT INTO datos_espania (Periodo,Sector,Tipo,Ambito,Andalucia,Aragon,Asturias,Balears,Canarias,Cantabria,Castilla_Leon,Castilla_La_Mancha,Catalunia,Comunitat_Valenciana,Extremadura,Galicia,Madrid,Murcia,Navarra,Pais_Vasco,Rioja,Total_nacional) VALUES ('            2018', 'C. Industria manufacturera', '    INVERSIÓN EN EQUIPOS E INSTALACIONES INDEPENDIENTES', '        Protección del aire y el clima', '6,390,920', '965,548', '6,280,443', '5,625', '362,560', '963,813', '1,632,806', '1,830,803', '4,480,883', '12,605,792', '58,143', '3,599,330', '538,225', '1,364,692', '547,729', '800,628', '62,068', '42,490,008');
INSERT INTO datos_espania (Periodo,Sector,Tipo,Ambito,Andalucia,Aragon,Asturias,Balears,Canarias,Cantabria,Castilla_Leon,Castilla_La_Mancha,Catalunia,Comunitat_Valenciana,Extremadura,Galicia,Madrid,Murcia,Navarra,Pais_Vasco,Rioja,Total_nacional) VALUES ('            2017', 'C. Industria manufacturera', '    INVERSIÓN EN EQUIPOS E INSTALACIONES INDEPENDIENTES', '        Protección del aire y el clima', '2,465,971', '945,463', '9,005,572', '50,384', '746,459', '1,144,472', '1,996,966', '2,548,187', '12,807,815', '11,301,575', '33,184', '1,535,118', '1,403,314', '3,280,400', '587,085', '5,449,418', '77,981', '55,379,364');
INSERT INTO datos_espania (Periodo,Sector,Tipo,Ambito,Andalucia,Aragon,Asturias,Balears,Canarias,Cantabria,Castilla_Leon,Castilla_La_Mancha,Catalunia,Comunitat_Valenciana,Extremadura,Galicia,Madrid,Murcia,Navarra,Pais_Vasco,Rioja,Total_nacional) VALUES ('            2016', 'C. Industria manufacturera', '    INVERSIÓN EN EQUIPOS E INSTALACIONES INDEPENDIENTES', '        Protección del aire y el clima', '2,581,702', '803,736', '3,869,083', '125,462', '906,701', '964,127', '6,262,906', '3,106,887', '9,440,773', '15,770,256', '221,447', '5,086,727', '645,639', '3,778,173', '3,647,208', '6,421,048', '494,417', '64,126,292');
INSERT INTO datos_espania (Periodo,Sector,Tipo,Ambito,Andalucia,Aragon,Asturias,Balears,Canarias,Cantabria,Castilla_Leon,Castilla_La_Mancha,Catalunia,Comunitat_Valenciana,Extremadura,Galicia,Madrid,Murcia,Navarra,Pais_Vasco,Rioja,Total_nacional) VALUES ('            2015', 'C. Industria manufacturera', '    INVERSIÓN EN EQUIPOS E INSTALACIONES INDEPENDIENTES', '        Protección del aire y el clima', '1,890,540', '415,648', '14,498,607', '1,096', '692,088', '303,053', '7,428,196', '8,826,505', '8,151,067', '1,342,355', '5,854', '1,535,943', '657,140', '806,069', '3,373,872', '1,392,064', '16,102', '51,336,199');
INSERT INTO datos_espania (Periodo,Sector,Tipo,Ambito,Andalucia,Aragon,Asturias,Balears,Canarias,Cantabria,Castilla_Leon,Castilla_La_Mancha,Catalunia,Comunitat_Valenciana,Extremadura,Galicia,Madrid,Murcia,Navarra,Pais_Vasco,Rioja,Total_nacional) VALUES ('            2014', 'C. Industria manufacturera', '    INVERSIÓN EN EQUIPOS E INSTALACIONES INDEPENDIENTES', '        Protección del aire y el clima', '4,070,283', '331,197', '299,338', '651,060', '728,117', '75,295', '2,238,875', '3,363,827', '8,017,714', '3,353,562', '21,807', '1,091,619', '560,660', '368,741', '175,365', '1,199,397', '41,621', '26,588,478');
INSERT INTO datos_espania (Periodo,Sector,Tipo,Ambito,Andalucia,Aragon,Asturias,Balears,Canarias,Cantabria,Castilla_Leon,Castilla_La_Mancha,Catalunia,Comunitat_Valenciana,Extremadura,Galicia,Madrid,Murcia,Navarra,Pais_Vasco,Rioja,Total_nacional) VALUES ('            2013', 'C. Industria manufacturera', '    INVERSIÓN EN EQUIPOS E INSTALACIONES INDEPENDIENTES', '        Protección del aire y el clima', '11,757,131', '103,450', '814,814', '0', '1,747,035', '1,287,131', '59,571', '2,851,180', '9,572,635', '874,014', '15,643', '970,966', '439,209', '3,083,157', '81,017', '1,187,866', '0', '34,844,819');
INSERT INTO datos_espania (Periodo,Sector,Tipo,Ambito,Andalucia,Aragon,Asturias,Balears,Canarias,Cantabria,Castilla_Leon,Castilla_La_Mancha,Catalunia,Comunitat_Valenciana,Extremadura,Galicia,Madrid,Murcia,Navarra,Pais_Vasco,Rioja,Total_nacional) VALUES ('            2012', 'C. Industria manufacturera', '    INVERSIÓN EN EQUIPOS E INSTALACIONES INDEPENDIENTES', '        Protección del aire y el clima', '2,554,315', '518,709', '427,801', '0', '6,588,229', '26,000', '599,109', '6,145,590', '11,018,777', '3,580,156', '321', '545,189', '1,371,076', '2,099,086', '3,323,409', '4,165,814', '306,920', '43,270,501');
INSERT INTO datos_espania (Periodo,Sector,Tipo,Ambito,Andalucia,Aragon,Asturias,Balears,Canarias,Cantabria,Castilla_Leon,Castilla_La_Mancha,Catalunia,Comunitat_Valenciana,Extremadura,Galicia,Madrid,Murcia,Navarra,Pais_Vasco,Rioja,Total_nacional) VALUES ('            2011', 'C. Industria manufacturera', '    INVERSIÓN EN EQUIPOS E INSTALACIONES INDEPENDIENTES', '        Protección del aire y el clima', '4,480,425', '1,261,234', '2,102,292', '0', '2,878,710', '249,743', '2,830,122', '3,669,769', '20,087,332', '2,713,836', '60,000', '830,531', '1,392,406', '4,608,945', '132,346', '1,962,200', '693,351', '49,953,242');
INSERT INTO datos_espania (Periodo,Sector,Tipo,Ambito,Andalucia,Aragon,Asturias,Balears,Canarias,Cantabria,Castilla_Leon,Castilla_La_Mancha,Catalunia,Comunitat_Valenciana,Extremadura,Galicia,Madrid,Murcia,Navarra,Pais_Vasco,Rioja,Total_nacional) VALUES ('            2010', 'C. Industria manufacturera', '    INVERSIÓN EN EQUIPOS E INSTALACIONES INDEPENDIENTES', '        Protección del aire y el clima', '11,911,945', '1,145,770', '4,560,304', '832,369', '2,712,096', '4,984,544', '3,128,482', '3,220,619', '12,522,799', '6,470,517', '20,899', '4,680,992', '2,807,757', '3,218,297', '377,720', '13,251,188', '1,585,759', '77,432,057');
INSERT INTO datos_espania (Periodo,Sector,Tipo,Ambito,Andalucia,Aragon,Asturias,Balears,Canarias,Cantabria,Castilla_Leon,Castilla_La_Mancha,Catalunia,Comunitat_Valenciana,Extremadura,Galicia,Madrid,Murcia,Navarra,Pais_Vasco,Rioja,Total_nacional) VALUES ('            2009', 'C. Industria manufacturera', '    INVERSIÓN EN EQUIPOS E INSTALACIONES INDEPENDIENTES', '        Protección del aire y el clima', '13,513,034', '4,681,959', '640,247', '2,924,336', '3,541,636', '13,705,375', '4,745,199', '8,055,299', '20,906,232', '13,773,776', '301,385', '4,751,485', '2,482,086', '1,498,601', '470,675', '11,753,567', '210,078', '107,954,970');
INSERT INTO datos_espania (Periodo,Sector,Tipo,Ambito,Andalucia,Aragon,Asturias,Balears,Canarias,Cantabria,Castilla_Leon,Castilla_La_Mancha,Catalunia,Comunitat_Valenciana,Extremadura,Galicia,Madrid,Murcia,Navarra,Pais_Vasco,Rioja,Total_nacional) VALUES ('            2008', 'C. Industria manufacturera', '    INVERSIÓN EN EQUIPOS E INSTALACIONES INDEPENDIENTES', '        Protección del aire y el clima', '30,802,194', '6,118,402', '9,222,925', '153,251', '3,284,371', '17,313,954', '6,654,213', '4,752,213', '43,736,741', '24,654,502', '0', '4,289,066', '4,581,228', '2,976,425', '3,579,230', '16,610,433', '577,140', '179,306,288');
INSERT INTO datos_espania (Periodo,Sector,Tipo,Ambito,Andalucia,Aragon,Asturias,Balears,Canarias,Cantabria,Castilla_Leon,Castilla_La_Mancha,Catalunia,Comunitat_Valenciana,Extremadura,Galicia,Madrid,Murcia,Navarra,Pais_Vasco,Rioja,Total_nacional) VALUES ('            2018', 'C. Industria manufacturera', '    INVERSIÓN EN EQUIPOS E INSTALACIONES INDEPENDIENTES', '        Gestión de aguas residuales', '6,306,792', '2,564,052', '2,784,743', '58,833', '481,598', '259,132', '2,546,338', '2,552,189', '6,449,843', '4,255,506', '161,307', '2,972,742', '1,542,971', '1,663,239', '1,821,508', '1,791,769', '496,150', '38,708,712');
INSERT INTO datos_espania (Periodo,Sector,Tipo,Ambito,Andalucia,Aragon,Asturias,Balears,Canarias,Cantabria,Castilla_Leon,Castilla_La_Mancha,Catalunia,Comunitat_Valenciana,Extremadura,Galicia,Madrid,Murcia,Navarra,Pais_Vasco,Rioja,Total_nacional) VALUES ('            2017', 'C. Industria manufacturera', '    INVERSIÓN EN EQUIPOS E INSTALACIONES INDEPENDIENTES', '        Gestión de aguas residuales', '2,276,796', '10,585,115', '392,450', '25,856', '221,109', '173,553', '2,328,186', '1,225,410', '16,051,205', '2,140,165', '103,798', '2,187,574', '9,489,650', '1,031,280', '6,774,056', '699,412', '263,275', '55,968,890');
INSERT INTO datos_espania (Periodo,Sector,Tipo,Ambito,Andalucia,Aragon,Asturias,Balears,Canarias,Cantabria,Castilla_Leon,Castilla_La_Mancha,Catalunia,Comunitat_Valenciana,Extremadura,Galicia,Madrid,Murcia,Navarra,Pais_Vasco,Rioja,Total_nacional) VALUES ('            2016', 'C. Industria manufacturera', '    INVERSIÓN EN EQUIPOS E INSTALACIONES INDEPENDIENTES', '        Gestión de aguas residuales', '5,703,811', '3,440,241', '910,837', '209,285', '568,328', '114,908', '978,199', '3,316,855', '8,724,993', '3,757,559', '613,972', '2,165,620', '1,398,173', '2,484,014', '2,231,298', '1,018,665', '597,814', '38,234,572');
INSERT INTO datos_espania (Periodo,Sector,Tipo,Ambito,Andalucia,Aragon,Asturias,Balears,Canarias,Cantabria,Castilla_Leon,Castilla_La_Mancha,Catalunia,Comunitat_Valenciana,Extremadura,Galicia,Madrid,Murcia,Navarra,Pais_Vasco,Rioja,Total_nacional) VALUES ('            2015', 'C. Industria manufacturera', '    INVERSIÓN EN EQUIPOS E INSTALACIONES INDEPENDIENTES', '        Gestión de aguas residuales', '2,864,450', '2,873,574', '2,616,801', '238,869', '594,128', '213,406', '2,311,246', '2,010,471', '7,067,728', '2,843,988', '247,825', '950,329', '1,584,265', '1,116,147', '1,009,455', '1,579,911', '828,308', '30,950,901');
INSERT INTO datos_espania (Periodo,Sector,Tipo,Ambito,Andalucia,Aragon,Asturias,Balears,Canarias,Cantabria,Castilla_Leon,Castilla_La_Mancha,Catalunia,Comunitat_Valenciana,Extremadura,Galicia,Madrid,Murcia,Navarra,Pais_Vasco,Rioja,Total_nacional) VALUES ('            2014', 'C. Industria manufacturera', '    INVERSIÓN EN EQUIPOS E INSTALACIONES INDEPENDIENTES', '        Gestión de aguas residuales', '4,061,833', '481,929', '3,686,580', '114,442', '1,595,993', '186,361', '2,800,416', '5,676,859', '7,935,625', '2,868,032', '191,186', '1,290,575', '3,091,263', '803,408', '730,429', '2,127,222', '122,613', '37,764,766');
INSERT INTO datos_espania (Periodo,Sector,Tipo,Ambito,Andalucia,Aragon,Asturias,Balears,Canarias,Cantabria,Castilla_Leon,Castilla_La_Mancha,Catalunia,Comunitat_Valenciana,Extremadura,Galicia,Madrid,Murcia,Navarra,Pais_Vasco,Rioja,Total_nacional) VALUES ('            2013', 'C. Industria manufacturera', '    INVERSIÓN EN EQUIPOS E INSTALACIONES INDEPENDIENTES', '        Gestión de aguas residuales', '9,690,066', '4,759,726', '6,898,991', '0', '1,660,018', '69,218', '6,764,122', '2,311,983', '10,582,923', '3,349,788', '122,054', '3,775,920', '716,392', '5,673,786', '117,011', '16,889,847', '197,591', '73,579,436');
INSERT INTO datos_espania (Periodo,Sector,Tipo,Ambito,Andalucia,Aragon,Asturias,Balears,Canarias,Cantabria,Castilla_Leon,Castilla_La_Mancha,Catalunia,Comunitat_Valenciana,Extremadura,Galicia,Madrid,Murcia,Navarra,Pais_Vasco,Rioja,Total_nacional) VALUES ('            2012', 'C. Industria manufacturera', '    INVERSIÓN EN EQUIPOS E INSTALACIONES INDEPENDIENTES', '        Gestión de aguas residuales', '4,873,657', '356,086', '5,333,051', '0', '992,526', '1,392,232', '2,626,846', '6,910,579', '14,195,047', '5,115,150', '432,388', '2,220,728', '803,425', '2,747,269', '1,782,178', '9,502,576', '79,931', '59,363,669');
INSERT INTO datos_espania (Periodo,Sector,Tipo,Ambito,Andalucia,Aragon,Asturias,Balears,Canarias,Cantabria,Castilla_Leon,Castilla_La_Mancha,Catalunia,Comunitat_Valenciana,Extremadura,Galicia,Madrid,Murcia,Navarra,Pais_Vasco,Rioja,Total_nacional) VALUES ('            2011', 'C. Industria manufacturera', '    INVERSIÓN EN EQUIPOS E INSTALACIONES INDEPENDIENTES', '        Gestión de aguas residuales', '10,817,326', '287,028', '7,707,442', '0', '112,356', '6,666,104', '1,366,362', '2,941,873', '47,265,988', '1,975,082', '0', '5,991,610', '807,650', '3,725,851', '4,459,512', '3,772,533', '996,734', '98,893,451');
INSERT INTO datos_espania (Periodo,Sector,Tipo,Ambito,Andalucia,Aragon,Asturias,Balears,Canarias,Cantabria,Castilla_Leon,Castilla_La_Mancha,Catalunia,Comunitat_Valenciana,Extremadura,Galicia,Madrid,Murcia,Navarra,Pais_Vasco,Rioja,Total_nacional) VALUES ('            2010', 'C. Industria manufacturera', '    INVERSIÓN EN EQUIPOS E INSTALACIONES INDEPENDIENTES', '        Gestión de aguas residuales', '12,817,076', '429,338', '5,097,963', '78,571', '3,004,100', '9,873,998', '3,285,910', '5,323,965', '18,195,939', '2,143,703', '1,647,903', '6,178,515', '1,800,420', '2,522,153', '4,042,033', '10,522,873', '577,874', '87,542,334');
INSERT INTO datos_espania (Periodo,Sector,Tipo,Ambito,Andalucia,Aragon,Asturias,Balears,Canarias,Cantabria,Castilla_Leon,Castilla_La_Mancha,Catalunia,Comunitat_Valenciana,Extremadura,Galicia,Madrid,Murcia,Navarra,Pais_Vasco,Rioja,Total_nacional) VALUES ('            2009', 'C. Industria manufacturera', '    INVERSIÓN EN EQUIPOS E INSTALACIONES INDEPENDIENTES', '        Gestión de aguas residuales', '13,035,607', '612,857', '2,991,049', '463,684', '5,408,016', '108,767', '7,412,120', '13,910,312', '36,263,551', '1,936,902', '91,407', '4,592,623', '2,324,552', '1,262,081', '3,404,241', '16,727,816', '1,435,347', '111,980,932');
INSERT INTO datos_espania (Periodo,Sector,Tipo,Ambito,Andalucia,Aragon,Asturias,Balears,Canarias,Cantabria,Castilla_Leon,Castilla_La_Mancha,Catalunia,Comunitat_Valenciana,Extremadura,Galicia,Madrid,Murcia,Navarra,Pais_Vasco,Rioja,Total_nacional) VALUES ('            2008', 'C. Industria manufacturera', '    INVERSIÓN EN EQUIPOS E INSTALACIONES INDEPENDIENTES', '        Gestión de aguas residuales', '20,131,816', '2,765,931', '2,670,141', '811,966', '2,092,429', '4,588,968', '9,566,655', '5,682,470', '36,484,185', '11,310,062', '2,051,701', '6,974,029', '3,310,451', '2,545,714', '2,978,302', '9,864,701', '1,458,621', '125,288,142');
INSERT INTO datos_espania (Periodo,Sector,Tipo,Ambito,Andalucia,Aragon,Asturias,Balears,Canarias,Cantabria,Castilla_Leon,Castilla_La_Mancha,Catalunia,Comunitat_Valenciana,Extremadura,Galicia,Madrid,Murcia,Navarra,Pais_Vasco,Rioja,Total_nacional) VALUES ('            2018', 'C. Industria manufacturera', '    INVERSIÓN EN EQUIPOS E INSTALACIONES INDEPENDIENTES', '        Gestión de residuos', '3,399,275', '940,537', '84,420', '6,805', '37,027', '62,808', '1,487,183', '674,703', '1,941,987', '1,565,254', '35,064', '228,560', '158,759', '135,094', '148,687', '201,719', '55,890', '11,163,772');
INSERT INTO datos_espania (Periodo,Sector,Tipo,Ambito,Andalucia,Aragon,Asturias,Balears,Canarias,Cantabria,Castilla_Leon,Castilla_La_Mancha,Catalunia,Comunitat_Valenciana,Extremadura,Galicia,Madrid,Murcia,Navarra,Pais_Vasco,Rioja,Total_nacional) VALUES ('            2017', 'C. Industria manufacturera', '    INVERSIÓN EN EQUIPOS E INSTALACIONES INDEPENDIENTES', '        Gestión de residuos', '2,270,861', '557,301', '1,988,229', '88,151', '240,621', '137,081', '979,073', '976,752', '1,857,319', '1,989,701', '127,192', '217,363', '333,373', '468,574', '257,277', '225,770', '134,650', '12,849,288');
INSERT INTO datos_espania (Periodo,Sector,Tipo,Ambito,Andalucia,Aragon,Asturias,Balears,Canarias,Cantabria,Castilla_Leon,Castilla_La_Mancha,Catalunia,Comunitat_Valenciana,Extremadura,Galicia,Madrid,Murcia,Navarra,Pais_Vasco,Rioja,Total_nacional) VALUES ('            2016', 'C. Industria manufacturera', '    INVERSIÓN EN EQUIPOS E INSTALACIONES INDEPENDIENTES', '        Gestión de residuos', '1,833,940', '62,826', '370,812', '2,536', '95,428', '63,074', '252,567', '45,843', '2,318,402', '1,746,223', '2,604', '133,333', '170,948', '749,854', '1,668,886', '992,114', '17,578', '10,526,968');
INSERT INTO datos_espania (Periodo,Sector,Tipo,Ambito,Andalucia,Aragon,Asturias,Balears,Canarias,Cantabria,Castilla_Leon,Castilla_La_Mancha,Catalunia,Comunitat_Valenciana,Extremadura,Galicia,Madrid,Murcia,Navarra,Pais_Vasco,Rioja,Total_nacional) VALUES ('            2015', 'C. Industria manufacturera', '    INVERSIÓN EN EQUIPOS E INSTALACIONES INDEPENDIENTES', '        Gestión de residuos', '3,148,763', '187,325', '281,510', '22,691', '124,466', '59,076', '735,640', '196,081', '1,754,655', '443,238', '61,888', '234,403', '248,814', '177,740', '83,641', '823,093', '27,810', '8,610,834');
INSERT INTO datos_espania (Periodo,Sector,Tipo,Ambito,Andalucia,Aragon,Asturias,Balears,Canarias,Cantabria,Castilla_Leon,Castilla_La_Mancha,Catalunia,Comunitat_Valenciana,Extremadura,Galicia,Madrid,Murcia,Navarra,Pais_Vasco,Rioja,Total_nacional) VALUES ('            2014', 'C. Industria manufacturera', '    INVERSIÓN EN EQUIPOS E INSTALACIONES INDEPENDIENTES', '        Gestión de residuos', '4,222,743', '206,528', '429,878', '12,935', '143,071', '322,187', '1,220,759', '386,560', '2,162,356', '886,827', '38,574', '921,393', '1,820,860', '362,590', '87,253', '2,327,959', '26,562', '15,579,035');
INSERT INTO datos_espania (Periodo,Sector,Tipo,Ambito,Andalucia,Aragon,Asturias,Balears,Canarias,Cantabria,Castilla_Leon,Castilla_La_Mancha,Catalunia,Comunitat_Valenciana,Extremadura,Galicia,Madrid,Murcia,Navarra,Pais_Vasco,Rioja,Total_nacional) VALUES ('            2013', 'C. Industria manufacturera', '    INVERSIÓN EN EQUIPOS E INSTALACIONES INDEPENDIENTES', '        Gestión de residuos', '381,233', '59,003', '310,426', '0', '190,113', '48,899', '653,892', '415,193', '5,118,201', '964,439', '11,053', '576,730', '195,593', '335,929', '312,493', '306,987', '34,960', '9,915,144');
INSERT INTO datos_espania (Periodo,Sector,Tipo,Ambito,Andalucia,Aragon,Asturias,Balears,Canarias,Cantabria,Castilla_Leon,Castilla_La_Mancha,Catalunia,Comunitat_Valenciana,Extremadura,Galicia,Madrid,Murcia,Navarra,Pais_Vasco,Rioja,Total_nacional) VALUES ('            2012', 'C. Industria manufacturera', '    INVERSIÓN EN EQUIPOS E INSTALACIONES INDEPENDIENTES', '        Gestión de residuos', '1,208,924', '782,402', '227,458', '6,068', '12,052', '24,672', '119,347', '941,661', '3,278,248', '501,483', '51,935', '2,078,346', '1,087,581', '423,628', '940,003', '261,922', '26,260', '11,971,990');
INSERT INTO datos_espania (Periodo,Sector,Tipo,Ambito,Andalucia,Aragon,Asturias,Balears,Canarias,Cantabria,Castilla_Leon,Castilla_La_Mancha,Catalunia,Comunitat_Valenciana,Extremadura,Galicia,Madrid,Murcia,Navarra,Pais_Vasco,Rioja,Total_nacional) VALUES ('            2011', 'C. Industria manufacturera', '    INVERSIÓN EN EQUIPOS E INSTALACIONES INDEPENDIENTES', '        Gestión de residuos', '2,361,789', '771,139', '1,193,559', '1,343', '0', '784,906', '223,929', '4,305,551', '1,869,032', '926,869', '35,000', '397,005', '1,276,659', '962,955', '239,444', '922,510', '123,489', '16,395,179');
INSERT INTO datos_espania (Periodo,Sector,Tipo,Ambito,Andalucia,Aragon,Asturias,Balears,Canarias,Cantabria,Castilla_Leon,Castilla_La_Mancha,Catalunia,Comunitat_Valenciana,Extremadura,Galicia,Madrid,Murcia,Navarra,Pais_Vasco,Rioja,Total_nacional) VALUES ('            2010', 'C. Industria manufacturera', '    INVERSIÓN EN EQUIPOS E INSTALACIONES INDEPENDIENTES', '        Gestión de residuos', '1,141,711', '1,542,420', '3,424,703', '45,545', '2,004,429', '853,947', '6,332,801', '1,164,030', '9,375,961', '1,712,786', '52,335', '1,506,133', '1,696,589', '1,106,789', '1,269,448', '3,218,350', '294,010', '36,741,987');
INSERT INTO datos_espania (Periodo,Sector,Tipo,Ambito,Andalucia,Aragon,Asturias,Balears,Canarias,Cantabria,Castilla_Leon,Castilla_La_Mancha,Catalunia,Comunitat_Valenciana,Extremadura,Galicia,Madrid,Murcia,Navarra,Pais_Vasco,Rioja,Total_nacional) VALUES ('            2009', 'C. Industria manufacturera', '    INVERSIÓN EN EQUIPOS E INSTALACIONES INDEPENDIENTES', '        Gestión de residuos', '1,180,520', '2,273,477', '1,317,980', '762', '62,180', '702,332', '5,690,326', '5,141,574', '21,129,066', '1,400,510', '175,885', '584,218', '1,503,152', '1,461,976', '1,577,391', '1,857,775', '38,723', '46,097,847');
INSERT INTO datos_espania (Periodo,Sector,Tipo,Ambito,Andalucia,Aragon,Asturias,Balears,Canarias,Cantabria,Castilla_Leon,Castilla_La_Mancha,Catalunia,Comunitat_Valenciana,Extremadura,Galicia,Madrid,Murcia,Navarra,Pais_Vasco,Rioja,Total_nacional) VALUES ('            2008', 'C. Industria manufacturera', '    INVERSIÓN EN EQUIPOS E INSTALACIONES INDEPENDIENTES', '        Gestión de residuos', '4,667,360', '5,518,367', '279,660', '34,717', '0', '666,035', '2,833,672', '4,850,880', '12,914,987', '4,365,033', '3,589,000', '1,894,144', '3,396,158', '1,432,974', '1,482,958', '10,097,545', '2,023,709', '60,047,199');
INSERT INTO datos_espania (Periodo,Sector,Tipo,Ambito,Andalucia,Aragon,Asturias,Balears,Canarias,Cantabria,Castilla_Leon,Castilla_La_Mancha,Catalunia,Comunitat_Valenciana,Extremadura,Galicia,Madrid,Murcia,Navarra,Pais_Vasco,Rioja,Total_nacional) VALUES ('            2018', 'C. Industria manufacturera', '    INVERSIÓN EN EQUIPOS E INSTALACIONES INDEPENDIENTES', '        Protección y descontaminación de suelos, aguas subterráneas y superficiales', '160,431', '423,448', '60,268', '316', '108,667', '61,474', '454,594', '658,323', '2,286,518', '521,297', '251,012', '60,474', '358,678', '3,960,045', '333,128', '377,196', '3,295', '10,079,164');
INSERT INTO datos_espania (Periodo,Sector,Tipo,Ambito,Andalucia,Aragon,Asturias,Balears,Canarias,Cantabria,Castilla_Leon,Castilla_La_Mancha,Catalunia,Comunitat_Valenciana,Extremadura,Galicia,Madrid,Murcia,Navarra,Pais_Vasco,Rioja,Total_nacional) VALUES ('            2017', 'C. Industria manufacturera', '    INVERSIÓN EN EQUIPOS E INSTALACIONES INDEPENDIENTES', '        Protección y descontaminación de suelos, aguas subterráneas y superficiales', '142,449', '360,017', '117,106', '11,477', '198,725', '61,818', '272,409', '1,036,152', '2,567,577', '839,957', '51,114', '75,529', '200,524', '1,910,430', '503,367', '831,781', '66,066', '9,246,498');
INSERT INTO datos_espania (Periodo,Sector,Tipo,Ambito,Andalucia,Aragon,Asturias,Balears,Canarias,Cantabria,Castilla_Leon,Castilla_La_Mancha,Catalunia,Comunitat_Valenciana,Extremadura,Galicia,Madrid,Murcia,Navarra,Pais_Vasco,Rioja,Total_nacional) VALUES ('            2016', 'C. Industria manufacturera', '    INVERSIÓN EN EQUIPOS E INSTALACIONES INDEPENDIENTES', '        Protección y descontaminación de suelos, aguas subterráneas y superficiales', '423,107', '82,796', '4,417,645', '588', '188,392', '23,373', '398,879', '1,072,539', '5,049,647', '281,834', '26,401', '56,510', '118,828', '525,185', '189,404', '2,135,109', '10,354', '15,000,591');
INSERT INTO datos_espania (Periodo,Sector,Tipo,Ambito,Andalucia,Aragon,Asturias,Balears,Canarias,Cantabria,Castilla_Leon,Castilla_La_Mancha,Catalunia,Comunitat_Valenciana,Extremadura,Galicia,Madrid,Murcia,Navarra,Pais_Vasco,Rioja,Total_nacional) VALUES ('            2015', 'C. Industria manufacturera', '    INVERSIÓN EN EQUIPOS E INSTALACIONES INDEPENDIENTES', '        Protección y descontaminación de suelos, aguas subterráneas y superficiales', '1,006,748', '75,908', '31,924', '2,605', '172,622', '30,256', '376,579', '4,277,249', '3,842,710', '486,863', '4,855', '708,206', '117,299', '685,751', '177,725', '979,687', '7,625', '12,984,612');
INSERT INTO datos_espania (Periodo,Sector,Tipo,Ambito,Andalucia,Aragon,Asturias,Balears,Canarias,Cantabria,Castilla_Leon,Castilla_La_Mancha,Catalunia,Comunitat_Valenciana,Extremadura,Galicia,Madrid,Murcia,Navarra,Pais_Vasco,Rioja,Total_nacional) VALUES ('            2014', 'C. Industria manufacturera', '    INVERSIÓN EN EQUIPOS E INSTALACIONES INDEPENDIENTES', '        Protección y descontaminación de suelos, aguas subterráneas y superficiales', '2,165,518', '98,088', '24,055', '10,445', '177,182', '63,981', '295,764', '4,459,189', '8,110,818', '490,784', '16,118', '447,055', '200,822', '785,435', '165,738', '1,159,865', '6,595', '18,677,452');
INSERT INTO datos_espania (Periodo,Sector,Tipo,Ambito,Andalucia,Aragon,Asturias,Balears,Canarias,Cantabria,Castilla_Leon,Castilla_La_Mancha,Catalunia,Comunitat_Valenciana,Extremadura,Galicia,Madrid,Murcia,Navarra,Pais_Vasco,Rioja,Total_nacional) VALUES ('            2013', 'C. Industria manufacturera', '    INVERSIÓN EN EQUIPOS E INSTALACIONES INDEPENDIENTES', '        Protección y descontaminación de suelos, aguas subterráneas y superficiales', '1,876,049', '142,559', '42,000', '0', '561,031', '28,951', '316,643', '2,783,406', '10,917,950', '267,520', '0', '200,384', '135,786', '640,151', '43,410', '807,810', '0', '18,763,650');
INSERT INTO datos_espania (Periodo,Sector,Tipo,Ambito,Andalucia,Aragon,Asturias,Balears,Canarias,Cantabria,Castilla_Leon,Castilla_La_Mancha,Catalunia,Comunitat_Valenciana,Extremadura,Galicia,Madrid,Murcia,Navarra,Pais_Vasco,Rioja,Total_nacional) VALUES ('            2012', 'C. Industria manufacturera', '    INVERSIÓN EN EQUIPOS E INSTALACIONES INDEPENDIENTES', '        Protección y descontaminación de suelos, aguas subterráneas y superficiales', '3,841,628', '454,394', '184,793', '0', '545,079', '8,500', '599,491', '1,831,601', '12,091,969', '25,138,692', '0', '185,621', '595,046', '490,268', '233,465', '878,418', '0', '47,078,965');
INSERT INTO datos_espania (Periodo,Sector,Tipo,Ambito,Andalucia,Aragon,Asturias,Balears,Canarias,Cantabria,Castilla_Leon,Castilla_La_Mancha,Catalunia,Comunitat_Valenciana,Extremadura,Galicia,Madrid,Murcia,Navarra,Pais_Vasco,Rioja,Total_nacional) VALUES ('            2011', 'C. Industria manufacturera', '    INVERSIÓN EN EQUIPOS E INSTALACIONES INDEPENDIENTES', '        Protección y descontaminación de suelos, aguas subterráneas y superficiales', '703,733', '112,456', '157,436', '0', '2,023,224', '129,043', '629,326', '62,289', '7,774,739', '151,017', '0', '1,463,951', '294,663', '1,123,124', '564,273', '1,293,467', '0', '16,482,741');
INSERT INTO datos_espania (Periodo,Sector,Tipo,Ambito,Andalucia,Aragon,Asturias,Balears,Canarias,Cantabria,Castilla_Leon,Castilla_La_Mancha,Catalunia,Comunitat_Valenciana,Extremadura,Galicia,Madrid,Murcia,Navarra,Pais_Vasco,Rioja,Total_nacional) VALUES ('            2010', 'C. Industria manufacturera', '    INVERSIÓN EN EQUIPOS E INSTALACIONES INDEPENDIENTES', '        Protección y descontaminación de suelos, aguas subterráneas y superficiales', '782,775', '46,466', '205,703', '0', '2,312,429', '36,500', '2,791,170', '225,701', '3,717,671', '712,792', '3,960', '649,280', '221,372', '20,185', '32,141', '228,000', '85,296', '12,071,441');
INSERT INTO datos_espania (Periodo,Sector,Tipo,Ambito,Andalucia,Aragon,Asturias,Balears,Canarias,Cantabria,Castilla_Leon,Castilla_La_Mancha,Catalunia,Comunitat_Valenciana,Extremadura,Galicia,Madrid,Murcia,Navarra,Pais_Vasco,Rioja,Total_nacional) VALUES ('            2009', 'C. Industria manufacturera', '    INVERSIÓN EN EQUIPOS E INSTALACIONES INDEPENDIENTES', '        Protección y descontaminación de suelos, aguas subterráneas y superficiales', '860,236', '353,881', '52,072', '0', '932,427', '17,455', '2,298,333', '189,797', '2,777,854', '362,738', '0', '247,093', '934,192', '683,240', '82,364', '247,320', '4,067', '10,043,069');
INSERT INTO datos_espania (Periodo,Sector,Tipo,Ambito,Andalucia,Aragon,Asturias,Balears,Canarias,Cantabria,Castilla_Leon,Castilla_La_Mancha,Catalunia,Comunitat_Valenciana,Extremadura,Galicia,Madrid,Murcia,Navarra,Pais_Vasco,Rioja,Total_nacional) VALUES ('            2008', 'C. Industria manufacturera', '    INVERSIÓN EN EQUIPOS E INSTALACIONES INDEPENDIENTES', '        Protección y descontaminación de suelos, aguas subterráneas y superficiales', '1,182,858', '566,269', '909,605', '29,451', '565,167', '81,241', '358,665', '1,384,451', '2,628,143', '1,444,159', '57,750', '496,772', '1,308,590', '1,600,158', '651,923', '3,425,060', '16,315', '16,706,577');
INSERT INTO datos_espania (Periodo,Sector,Tipo,Ambito,Andalucia,Aragon,Asturias,Balears,Canarias,Cantabria,Castilla_Leon,Castilla_La_Mancha,Catalunia,Comunitat_Valenciana,Extremadura,Galicia,Madrid,Murcia,Navarra,Pais_Vasco,Rioja,Total_nacional) VALUES ('            2018', 'C. Industria manufacturera', '    INVERSIÓN EN EQUIPOS E INSTALACIONES INDEPENDIENTES', '        Reducción del ruido y las vibraciones', '458,179', '128,123', '842,735', '8,382', '56,409', '21,601', '278,810', '141,099', '794,622', '454,411', '28,362', '340,963', '589,950', '76,291', '219,266', '241,123', '92,233', '4,772,559');
INSERT INTO datos_espania (Periodo,Sector,Tipo,Ambito,Andalucia,Aragon,Asturias,Balears,Canarias,Cantabria,Castilla_Leon,Castilla_La_Mancha,Catalunia,Comunitat_Valenciana,Extremadura,Galicia,Madrid,Murcia,Navarra,Pais_Vasco,Rioja,Total_nacional) VALUES ('            2017', 'C. Industria manufacturera', '    INVERSIÓN EN EQUIPOS E INSTALACIONES INDEPENDIENTES', '        Reducción del ruido y las vibraciones', '142,183', '212', '501,495', '130', '211', '17,565', '106,993', '58,245', '406,252', '109,453', '194', '162,770', '271,411', '26,482', '65,940', '303,627', '713', '2,173,876');
INSERT INTO datos_espania (Periodo,Sector,Tipo,Ambito,Andalucia,Aragon,Asturias,Balears,Canarias,Cantabria,Castilla_Leon,Castilla_La_Mancha,Catalunia,Comunitat_Valenciana,Extremadura,Galicia,Madrid,Murcia,Navarra,Pais_Vasco,Rioja,Total_nacional) VALUES ('            2016', 'C. Industria manufacturera', '    INVERSIÓN EN EQUIPOS E INSTALACIONES INDEPENDIENTES', '        Reducción del ruido y las vibraciones', '117,691', '1,959', '607,753', '0', '0', '50,504', '351,244', '8,512', '577,591', '140,136', '193', '94,326', '99,822', '21,839', '257,640', '476,541', '38,384', '2,844,135');
INSERT INTO datos_espania (Periodo,Sector,Tipo,Ambito,Andalucia,Aragon,Asturias,Balears,Canarias,Cantabria,Castilla_Leon,Castilla_La_Mancha,Catalunia,Comunitat_Valenciana,Extremadura,Galicia,Madrid,Murcia,Navarra,Pais_Vasco,Rioja,Total_nacional) VALUES ('            2015', 'C. Industria manufacturera', '    INVERSIÓN EN EQUIPOS E INSTALACIONES INDEPENDIENTES', '        Reducción del ruido y las vibraciones', '164,242', '24,085', '178,145', '107', '105', '16,863', '74,846', '14,725', '252,561', '191,022', '809', '79,142', '80,451', '203,241', '95,847', '92,810', '14,329', '1,483,330');
INSERT INTO datos_espania (Periodo,Sector,Tipo,Ambito,Andalucia,Aragon,Asturias,Balears,Canarias,Cantabria,Castilla_Leon,Castilla_La_Mancha,Catalunia,Comunitat_Valenciana,Extremadura,Galicia,Madrid,Murcia,Navarra,Pais_Vasco,Rioja,Total_nacional) VALUES ('            2014', 'C. Industria manufacturera', '    INVERSIÓN EN EQUIPOS E INSTALACIONES INDEPENDIENTES', '        Reducción del ruido y las vibraciones', '20,180', '19,238', '67,839', '7,943', '13,408', '9,830', '33,458', '27,032', '110,182', '108,002', '9,447', '14,443', '32,084', '114,367', '33,741', '65,907', '44,923', '732,024');
INSERT INTO datos_espania (Periodo,Sector,Tipo,Ambito,Andalucia,Aragon,Asturias,Balears,Canarias,Cantabria,Castilla_Leon,Castilla_La_Mancha,Catalunia,Comunitat_Valenciana,Extremadura,Galicia,Madrid,Murcia,Navarra,Pais_Vasco,Rioja,Total_nacional) VALUES ('            2013', 'C. Industria manufacturera', '    INVERSIÓN EN EQUIPOS E INSTALACIONES INDEPENDIENTES', '        Reducción del ruido y las vibraciones', '78,505', '758,929', '0', '0', '0', '0', '282,977', '13,000', '283,701', '198,323', '0', '80,259', '6,452', '509', '182,828', '234,960', '0', '2,120,443');
INSERT INTO datos_espania (Periodo,Sector,Tipo,Ambito,Andalucia,Aragon,Asturias,Balears,Canarias,Cantabria,Castilla_Leon,Castilla_La_Mancha,Catalunia,Comunitat_Valenciana,Extremadura,Galicia,Madrid,Murcia,Navarra,Pais_Vasco,Rioja,Total_nacional) VALUES ('            2012', 'C. Industria manufacturera', '    INVERSIÓN EN EQUIPOS E INSTALACIONES INDEPENDIENTES', '        Reducción del ruido y las vibraciones', '25,824', '1,315,070', '276,612', '2,404', '8,217', '0', '0', '95,489', '652,480', '315,140', '160', '95,496', '184,930', '2,687', '135,908', '171,108', '9,307', '3,290,832');
INSERT INTO datos_espania (Periodo,Sector,Tipo,Ambito,Andalucia,Aragon,Asturias,Balears,Canarias,Cantabria,Castilla_Leon,Castilla_La_Mancha,Catalunia,Comunitat_Valenciana,Extremadura,Galicia,Madrid,Murcia,Navarra,Pais_Vasco,Rioja,Total_nacional) VALUES ('            2011', 'C. Industria manufacturera', '    INVERSIÓN EN EQUIPOS E INSTALACIONES INDEPENDIENTES', '        Reducción del ruido y las vibraciones', '2,000', '25,563', '17,928', '0', '0', '83,795', '23,956', '953,523', '399,316', '344,820', '105,000', '79,842', '431,702', '94,684', '38,500', '484,073', '951', '3,085,653');
INSERT INTO datos_espania (Periodo,Sector,Tipo,Ambito,Andalucia,Aragon,Asturias,Balears,Canarias,Cantabria,Castilla_Leon,Castilla_La_Mancha,Catalunia,Comunitat_Valenciana,Extremadura,Galicia,Madrid,Murcia,Navarra,Pais_Vasco,Rioja,Total_nacional) VALUES ('            2010', 'C. Industria manufacturera', '    INVERSIÓN EN EQUIPOS E INSTALACIONES INDEPENDIENTES', '        Reducción del ruido y las vibraciones', '41,929', '74,497', '610,601', '74,326', '4,652', '425,716', '257,813', '6,849', '531,127', '233,604', '45,847', '180,887', '31,251', '258,498', '64,230', '316,338', '1,441', '3,159,606');
INSERT INTO datos_espania (Periodo,Sector,Tipo,Ambito,Andalucia,Aragon,Asturias,Balears,Canarias,Cantabria,Castilla_Leon,Castilla_La_Mancha,Catalunia,Comunitat_Valenciana,Extremadura,Galicia,Madrid,Murcia,Navarra,Pais_Vasco,Rioja,Total_nacional) VALUES ('            2009', 'C. Industria manufacturera', '    INVERSIÓN EN EQUIPOS E INSTALACIONES INDEPENDIENTES', '        Reducción del ruido y las vibraciones', '153,994', '86,083', '293,209', '0', '0', '348,719', '633,059', '59,953', '872,647', '313,050', '13,150', '158,977', '509,177', '137,375', '25,800', '99,865', '0', '3,705,058');
INSERT INTO datos_espania (Periodo,Sector,Tipo,Ambito,Andalucia,Aragon,Asturias,Balears,Canarias,Cantabria,Castilla_Leon,Castilla_La_Mancha,Catalunia,Comunitat_Valenciana,Extremadura,Galicia,Madrid,Murcia,Navarra,Pais_Vasco,Rioja,Total_nacional) VALUES ('            2008', 'C. Industria manufacturera', '    INVERSIÓN EN EQUIPOS E INSTALACIONES INDEPENDIENTES', '        Reducción del ruido y las vibraciones', '626,923', '209,798', '270,979', '151,754', '5,858', '247,221', '2,433,932', '552,672', '5,075,491', '1,598,826', '0', '247,100', '665,389', '940,453', '43,591', '426,776', '87,109', '13,583,872');
INSERT INTO datos_espania (Periodo,Sector,Tipo,Ambito,Andalucia,Aragon,Asturias,Balears,Canarias,Cantabria,Castilla_Leon,Castilla_La_Mancha,Catalunia,Comunitat_Valenciana,Extremadura,Galicia,Madrid,Murcia,Navarra,Pais_Vasco,Rioja,Total_nacional) VALUES ('            2018', 'C. Industria manufacturera', '    INVERSIÓN EN EQUIPOS E INSTALACIONES INDEPENDIENTES', '        Protección de la biodiversidad y los paisajes', '140,811', '4,083', '100,214', '1,191', '2,989', '196,311', '152,484', '9,726', '56,086', '51,409', '1,480', '3,270', '81,810', '2,335', '268,343', '5,024', '4,252', '1,081,818');
INSERT INTO datos_espania (Periodo,Sector,Tipo,Ambito,Andalucia,Aragon,Asturias,Balears,Canarias,Cantabria,Castilla_Leon,Castilla_La_Mancha,Catalunia,Comunitat_Valenciana,Extremadura,Galicia,Madrid,Murcia,Navarra,Pais_Vasco,Rioja,Total_nacional) VALUES ('            2017', 'C. Industria manufacturera', '    INVERSIÓN EN EQUIPOS E INSTALACIONES INDEPENDIENTES', '        Protección de la biodiversidad y los paisajes', '1,341,580', '0', '0', '0', '0', '177,969', '66,643', '11,875', '93,879', '138,160', '0', '35,578', '48,963', '0', '196,738', '44,269', '0', '2,155,654');
INSERT INTO datos_espania (Periodo,Sector,Tipo,Ambito,Andalucia,Aragon,Asturias,Balears,Canarias,Cantabria,Castilla_Leon,Castilla_La_Mancha,Catalunia,Comunitat_Valenciana,Extremadura,Galicia,Madrid,Murcia,Navarra,Pais_Vasco,Rioja,Total_nacional) VALUES ('            2016', 'C. Industria manufacturera', '    INVERSIÓN EN EQUIPOS E INSTALACIONES INDEPENDIENTES', '        Protección de la biodiversidad y los paisajes', '922,955', '3,377', '841', '1,242', '1,224', '209,774', '80,707', '4,514', '228,545', '129,246', '2,144', '172,423', '381,767', '9,936', '94,175', '97,449', '1,715', '2,342,034');
INSERT INTO datos_espania (Periodo,Sector,Tipo,Ambito,Andalucia,Aragon,Asturias,Balears,Canarias,Cantabria,Castilla_Leon,Castilla_La_Mancha,Catalunia,Comunitat_Valenciana,Extremadura,Galicia,Madrid,Murcia,Navarra,Pais_Vasco,Rioja,Total_nacional) VALUES ('            2015', 'C. Industria manufacturera', '    INVERSIÓN EN EQUIPOS E INSTALACIONES INDEPENDIENTES', '        Protección de la biodiversidad y los paisajes', '21,478', '13,875', '5,903', '66', '42', '280,442', '24,300', '19,188', '147,022', '40,990', '78', '13,102', '18,070', '28,228', '85,282', '27,755', '5,102', '730,923');
INSERT INTO datos_espania (Periodo,Sector,Tipo,Ambito,Andalucia,Aragon,Asturias,Balears,Canarias,Cantabria,Castilla_Leon,Castilla_La_Mancha,Catalunia,Comunitat_Valenciana,Extremadura,Galicia,Madrid,Murcia,Navarra,Pais_Vasco,Rioja,Total_nacional) VALUES ('            2014', 'C. Industria manufacturera', '    INVERSIÓN EN EQUIPOS E INSTALACIONES INDEPENDIENTES', '        Protección de la biodiversidad y los paisajes', '120,934', '2,122', '966', '324', '2,359', '7,778', '84,692', '2,176', '168,871', '142,413', '1,150', '147,625', '52,593', '7,119', '133,858', '50,921', '2,181', '928,082');
INSERT INTO datos_espania (Periodo,Sector,Tipo,Ambito,Andalucia,Aragon,Asturias,Balears,Canarias,Cantabria,Castilla_Leon,Castilla_La_Mancha,Catalunia,Comunitat_Valenciana,Extremadura,Galicia,Madrid,Murcia,Navarra,Pais_Vasco,Rioja,Total_nacional) VALUES ('            2013', 'C. Industria manufacturera', '    INVERSIÓN EN EQUIPOS E INSTALACIONES INDEPENDIENTES', '        Protección de la biodiversidad y los paisajes', '368,601', '0', '23,441', '0', '0', '85,416', '18,138', '812', '159,566', '105,042', '0', '38,016', '399,341', '7,000', '80,000', '0', '0', '1,285,373');
INSERT INTO datos_espania (Periodo,Sector,Tipo,Ambito,Andalucia,Aragon,Asturias,Balears,Canarias,Cantabria,Castilla_Leon,Castilla_La_Mancha,Catalunia,Comunitat_Valenciana,Extremadura,Galicia,Madrid,Murcia,Navarra,Pais_Vasco,Rioja,Total_nacional) VALUES ('            2012', 'C. Industria manufacturera', '    INVERSIÓN EN EQUIPOS E INSTALACIONES INDEPENDIENTES', '        Protección de la biodiversidad y los paisajes', '24,533', '516', '6,573', '0', '0', '199,329', '16,906', '16,611', '366,083', '15,259', '29,800', '36,465', '33,093', '3,000', '83,111', '75,987', '1,126', '908,392');
INSERT INTO datos_espania (Periodo,Sector,Tipo,Ambito,Andalucia,Aragon,Asturias,Balears,Canarias,Cantabria,Castilla_Leon,Castilla_La_Mancha,Catalunia,Comunitat_Valenciana,Extremadura,Galicia,Madrid,Murcia,Navarra,Pais_Vasco,Rioja,Total_nacional) VALUES ('            2011', 'C. Industria manufacturera', '    INVERSIÓN EN EQUIPOS E INSTALACIONES INDEPENDIENTES', '        Protección de la biodiversidad y los paisajes', '377,852', '554', '101,930', '0', '0', '5,547', '111,252', '58,306', '853,678', '114,431', '6,200', '70,861', '18,540', '94,790', '83,812', '40,237', '0', '1,937,990');
INSERT INTO datos_espania (Periodo,Sector,Tipo,Ambito,Andalucia,Aragon,Asturias,Balears,Canarias,Cantabria,Castilla_Leon,Castilla_La_Mancha,Catalunia,Comunitat_Valenciana,Extremadura,Galicia,Madrid,Murcia,Navarra,Pais_Vasco,Rioja,Total_nacional) VALUES ('            2010', 'C. Industria manufacturera', '    INVERSIÓN EN EQUIPOS E INSTALACIONES INDEPENDIENTES', '        Protección de la biodiversidad y los paisajes', '156,577', '41,110', '163,061', '0', '2,362', '78,973', '112,763', '42,148', '2,924,597', '183,225', '12,735', '48,535', '3,479', '22,742', '226,668', '326,921', '0', '4,345,896');
INSERT INTO datos_espania (Periodo,Sector,Tipo,Ambito,Andalucia,Aragon,Asturias,Balears,Canarias,Cantabria,Castilla_Leon,Castilla_La_Mancha,Catalunia,Comunitat_Valenciana,Extremadura,Galicia,Madrid,Murcia,Navarra,Pais_Vasco,Rioja,Total_nacional) VALUES ('            2009', 'C. Industria manufacturera', '    INVERSIÓN EN EQUIPOS E INSTALACIONES INDEPENDIENTES', '        Protección de la biodiversidad y los paisajes', '99,102', '34,647', '7,723', '630,104', '0', '6,000', '464,278', '25,404', '3,225,614', '454,905', '0', '61,210', '5,309', '0', '0', '139,429', '0', '5,153,725');
INSERT INTO datos_espania (Periodo,Sector,Tipo,Ambito,Andalucia,Aragon,Asturias,Balears,Canarias,Cantabria,Castilla_Leon,Castilla_La_Mancha,Catalunia,Comunitat_Valenciana,Extremadura,Galicia,Madrid,Murcia,Navarra,Pais_Vasco,Rioja,Total_nacional) VALUES ('            2008', 'C. Industria manufacturera', '    INVERSIÓN EN EQUIPOS E INSTALACIONES INDEPENDIENTES', '        Protección de la biodiversidad y los paisajes', '272,512', '0', '27,843', '1,218,719', '177,435', '60,725', '501,651', '823,721', '3,453,358', '58,704', '66,710', '60,980', '533,769', '0', '0', '124,915', '0', '7,381,042');
INSERT INTO datos_espania (Periodo,Sector,Tipo,Ambito,Andalucia,Aragon,Asturias,Balears,Canarias,Cantabria,Castilla_Leon,Castilla_La_Mancha,Catalunia,Comunitat_Valenciana,Extremadura,Galicia,Madrid,Murcia,Navarra,Pais_Vasco,Rioja,Total_nacional) VALUES ('            2018', 'C. Industria manufacturera', '    INVERSIÓN EN EQUIPOS E INSTALACIONES INDEPENDIENTES', '        Otras actividades de protección ambiental', '326,333', '102,750', '400,081', '0', '0', '5,711', '430,606', '643,689', '5,247,962', '222,511', '5,350', '119,199', '56,983', '86,304', '104,987', '217,195', '60,570', '8,030,231');
INSERT INTO datos_espania (Periodo,Sector,Tipo,Ambito,Andalucia,Aragon,Asturias,Balears,Canarias,Cantabria,Castilla_Leon,Castilla_La_Mancha,Catalunia,Comunitat_Valenciana,Extremadura,Galicia,Madrid,Murcia,Navarra,Pais_Vasco,Rioja,Total_nacional) VALUES ('            2017', 'C. Industria manufacturera', '    INVERSIÓN EN EQUIPOS E INSTALACIONES INDEPENDIENTES', '        Otras actividades de protección ambiental', '99,508', '158,387', '48,458', '237', '185,449', '22,873', '597,708', '2,520,124', '1,496,279', '324,547', '9,341', '364,831', '123,069', '1,038,397', '103,091', '107,144', '10,030', '7,209,473');
INSERT INTO datos_espania (Periodo,Sector,Tipo,Ambito,Andalucia,Aragon,Asturias,Balears,Canarias,Cantabria,Castilla_Leon,Castilla_La_Mancha,Catalunia,Comunitat_Valenciana,Extremadura,Galicia,Madrid,Murcia,Navarra,Pais_Vasco,Rioja,Total_nacional) VALUES ('            2016', 'C. Industria manufacturera', '    INVERSIÓN EN EQUIPOS E INSTALACIONES INDEPENDIENTES', '        Otras actividades de protección ambiental', '290,209', '72,677', '18,587', '0', '199,485', '541', '449,044', '768,306', '4,462,756', '345,314', '8,863', '479,536', '351,499', '87,007', '26,477', '352,665', '9,404', '7,922,370');
INSERT INTO datos_espania (Periodo,Sector,Tipo,Ambito,Andalucia,Aragon,Asturias,Balears,Canarias,Cantabria,Castilla_Leon,Castilla_La_Mancha,Catalunia,Comunitat_Valenciana,Extremadura,Galicia,Madrid,Murcia,Navarra,Pais_Vasco,Rioja,Total_nacional) VALUES ('            2015', 'C. Industria manufacturera', '    INVERSIÓN EN EQUIPOS E INSTALACIONES INDEPENDIENTES', '        Otras actividades de protección ambiental', '523,391', '97,792', '31,238', '4,704', '187,676', '28,850', '140,879', '2,602,162', '2,974,720', '172,291', '8,529', '589,181', '94,794', '346,083', '262,418', '301,516', '118,546', '8,484,770');
INSERT INTO datos_espania (Periodo,Sector,Tipo,Ambito,Andalucia,Aragon,Asturias,Balears,Canarias,Cantabria,Castilla_Leon,Castilla_La_Mancha,Catalunia,Comunitat_Valenciana,Extremadura,Galicia,Madrid,Murcia,Navarra,Pais_Vasco,Rioja,Total_nacional) VALUES ('            2014', 'C. Industria manufacturera', '    INVERSIÓN EN EQUIPOS E INSTALACIONES INDEPENDIENTES', '        Otras actividades de protección ambiental', '448,414', '472,733', '18,267', '2,513', '188,598', '233,767', '190,138', '1,204,842', '3,076,876', '234,397', '105,265', '459,859', '139,889', '43,366', '148,279', '413,415', '23,310', '7,403,928');
INSERT INTO datos_espania (Periodo,Sector,Tipo,Ambito,Andalucia,Aragon,Asturias,Balears,Canarias,Cantabria,Castilla_Leon,Castilla_La_Mancha,Catalunia,Comunitat_Valenciana,Extremadura,Galicia,Madrid,Murcia,Navarra,Pais_Vasco,Rioja,Total_nacional) VALUES ('            2013', 'C. Industria manufacturera', '    INVERSIÓN EN EQUIPOS E INSTALACIONES INDEPENDIENTES', '        Otras actividades de protección ambiental', '98,329', '246,221', '0', '0', '177,845', '0', '288,245', '548,387', '3,218,066', '247,897', '103,195', '117,093', '141,964', '72,264', '342,575', '286,433', '0', '5,888,514');
INSERT INTO datos_espania (Periodo,Sector,Tipo,Ambito,Andalucia,Aragon,Asturias,Balears,Canarias,Cantabria,Castilla_Leon,Castilla_La_Mancha,Catalunia,Comunitat_Valenciana,Extremadura,Galicia,Madrid,Murcia,Navarra,Pais_Vasco,Rioja,Total_nacional) VALUES ('            2012', 'C. Industria manufacturera', '    INVERSIÓN EN EQUIPOS E INSTALACIONES INDEPENDIENTES', '        Otras actividades de protección ambiental', '340,713', '190,453', '13,263', '0', '46,545', '0', '45,786', '765,611', '2,442,031', '182,158', '0', '354,241', '142,630', '38,552', '203,852', '29,554', '12,835', '4,808,224');
INSERT INTO datos_espania (Periodo,Sector,Tipo,Ambito,Andalucia,Aragon,Asturias,Balears,Canarias,Cantabria,Castilla_Leon,Castilla_La_Mancha,Catalunia,Comunitat_Valenciana,Extremadura,Galicia,Madrid,Murcia,Navarra,Pais_Vasco,Rioja,Total_nacional) VALUES ('            2011', 'C. Industria manufacturera', '    INVERSIÓN EN EQUIPOS E INSTALACIONES INDEPENDIENTES', '        Otras actividades de protección ambiental', '365,187', '45,723', '0', '0', '5,288', '0', '5,000', '0', '1,828,687', '1,254,629', '0', '0', '103,383', '96,680', '42,759', '253,262', '9,932', '4,010,530');
INSERT INTO datos_espania (Periodo,Sector,Tipo,Ambito,Andalucia,Aragon,Asturias,Balears,Canarias,Cantabria,Castilla_Leon,Castilla_La_Mancha,Catalunia,Comunitat_Valenciana,Extremadura,Galicia,Madrid,Murcia,Navarra,Pais_Vasco,Rioja,Total_nacional) VALUES ('            2010', 'C. Industria manufacturera', '    INVERSIÓN EN EQUIPOS E INSTALACIONES INDEPENDIENTES', '        Otras actividades de protección ambiental', '62,174', '0', '349,747', '0', '0', '0', '0', '0', '332,220', '0', '0', '0', '266,938', '12,440', '0', '38,015', '0', '1,061,534');
INSERT INTO datos_espania (Periodo,Sector,Tipo,Ambito,Andalucia,Aragon,Asturias,Balears,Canarias,Cantabria,Castilla_Leon,Castilla_La_Mancha,Catalunia,Comunitat_Valenciana,Extremadura,Galicia,Madrid,Murcia,Navarra,Pais_Vasco,Rioja,Total_nacional) VALUES ('            2009', 'C. Industria manufacturera', '    INVERSIÓN EN EQUIPOS E INSTALACIONES INDEPENDIENTES', '        Otras actividades de protección ambiental', '300,605', '117,650', '7,924', '14,708', '0', '10,675', '73,824', '35,356', '1,757,922', '294,551', '0', '665,761', '157,848', '347,956', '14,182', '293,325', '0', '4,092,287');
INSERT INTO datos_espania (Periodo,Sector,Tipo,Ambito,Andalucia,Aragon,Asturias,Balears,Canarias,Cantabria,Castilla_Leon,Castilla_La_Mancha,Catalunia,Comunitat_Valenciana,Extremadura,Galicia,Madrid,Murcia,Navarra,Pais_Vasco,Rioja,Total_nacional) VALUES ('            2008', 'C. Industria manufacturera', '    INVERSIÓN EN EQUIPOS E INSTALACIONES INDEPENDIENTES', '        Otras actividades de protección ambiental', '34,637', '138,695', '686,615', '0', '0', '79,686', '30,433', '159,071', '855,577', '124,455', '29,616', '458,952', '426,416', '449,616', '18,167', '1,009,905', '0', '4,501,841');
INSERT INTO datos_espania (Periodo,Sector,Tipo,Ambito,Andalucia,Aragon,Asturias,Balears,Canarias,Cantabria,Castilla_Leon,Castilla_La_Mancha,Catalunia,Comunitat_Valenciana,Extremadura,Galicia,Madrid,Murcia,Navarra,Pais_Vasco,Rioja,Total_nacional) VALUES ('            2018', 'C. Industria manufacturera', '    INVERSIÓN EN EQUIPOS E INSTALACIONES INTEGRADOS', '        Protección del aire y el clima', '40,882,415', '13,876,213', '26,675,715', '483,773', '1,228,547', '10,426,420', '14,170,543', '20,104,546', '47,448,064', '17,006,056', '1,318,215', '17,588,696', '7,832,670', '12,047,339', '7,068,069', '39,439,145', '1,224,262', '278,820,688');
INSERT INTO datos_espania (Periodo,Sector,Tipo,Ambito,Andalucia,Aragon,Asturias,Balears,Canarias,Cantabria,Castilla_Leon,Castilla_La_Mancha,Catalunia,Comunitat_Valenciana,Extremadura,Galicia,Madrid,Murcia,Navarra,Pais_Vasco,Rioja,Total_nacional) VALUES ('            2017', 'C. Industria manufacturera', '    INVERSIÓN EN EQUIPOS E INSTALACIONES INTEGRADOS', '        Protección del aire y el clima', '38,892,451', '5,131,633', '9,717,136', '106,789', '322,973', '9,002,476', '8,529,678', '10,691,588', '34,111,313', '17,964,082', '508,120', '8,105,966', '4,484,514', '12,078,657', '5,219,541', '12,028,595', '224,335', '177,119,847');
INSERT INTO datos_espania (Periodo,Sector,Tipo,Ambito,Andalucia,Aragon,Asturias,Balears,Canarias,Cantabria,Castilla_Leon,Castilla_La_Mancha,Catalunia,Comunitat_Valenciana,Extremadura,Galicia,Madrid,Murcia,Navarra,Pais_Vasco,Rioja,Total_nacional) VALUES ('            2016', 'C. Industria manufacturera', '    INVERSIÓN EN EQUIPOS E INSTALACIONES INTEGRADOS', '        Protección del aire y el clima', '38,609,426', '3,724,776', '6,776,021', '246,025', '489,139', '3,403,929', '9,379,733', '7,428,181', '30,119,906', '9,948,489', '329,642', '5,583,236', '2,981,802', '11,501,518', '5,999,838', '15,970,753', '578,073', '153,070,487');
INSERT INTO datos_espania (Periodo,Sector,Tipo,Ambito,Andalucia,Aragon,Asturias,Balears,Canarias,Cantabria,Castilla_Leon,Castilla_La_Mancha,Catalunia,Comunitat_Valenciana,Extremadura,Galicia,Madrid,Murcia,Navarra,Pais_Vasco,Rioja,Total_nacional) VALUES ('            2015', 'C. Industria manufacturera', '    INVERSIÓN EN EQUIPOS E INSTALACIONES INTEGRADOS', '        Protección del aire y el clima', '35,746,670', '2,351,943', '6,604,421', '214,226', '840,281', '1,341,421', '7,978,021', '15,930,975', '29,555,229', '8,415,495', '832,025', '10,972,512', '3,076,438', '11,839,226', '5,079,676', '13,503,682', '349,945', '154,632,186');
INSERT INTO datos_espania (Periodo,Sector,Tipo,Ambito,Andalucia,Aragon,Asturias,Balears,Canarias,Cantabria,Castilla_Leon,Castilla_La_Mancha,Catalunia,Comunitat_Valenciana,Extremadura,Galicia,Madrid,Murcia,Navarra,Pais_Vasco,Rioja,Total_nacional) VALUES ('            2014', 'C. Industria manufacturera', '    INVERSIÓN EN EQUIPOS E INSTALACIONES INTEGRADOS', '        Protección del aire y el clima', '30,131,507', '7,501,739', '9,617,168', '66,533', '132,654', '1,515,009', '12,405,417', '17,638,895', '31,596,155', '9,340,907', '301,748', '36,348,216', '5,694,024', '11,241,026', '4,782,537', '11,935,388', '560,886', '190,809,809');
INSERT INTO datos_espania (Periodo,Sector,Tipo,Ambito,Andalucia,Aragon,Asturias,Balears,Canarias,Cantabria,Castilla_Leon,Castilla_La_Mancha,Catalunia,Comunitat_Valenciana,Extremadura,Galicia,Madrid,Murcia,Navarra,Pais_Vasco,Rioja,Total_nacional) VALUES ('            2013', 'C. Industria manufacturera', '    INVERSIÓN EN EQUIPOS E INSTALACIONES INTEGRADOS', '        Protección del aire y el clima', '33,831,639', '8,281,686', '23,256,577', '0', '2,549,147', '973,195', '12,629,822', '12,992,802', '48,915,502', '11,872,982', '1,978,667', '22,692,722', '3,666,532', '10,733,444', '3,176,429', '15,641,065', '982,312', '214,174,523');
INSERT INTO datos_espania (Periodo,Sector,Tipo,Ambito,Andalucia,Aragon,Asturias,Balears,Canarias,Cantabria,Castilla_Leon,Castilla_La_Mancha,Catalunia,Comunitat_Valenciana,Extremadura,Galicia,Madrid,Murcia,Navarra,Pais_Vasco,Rioja,Total_nacional) VALUES ('            2012', 'C. Industria manufacturera', '    INVERSIÓN EN EQUIPOS E INSTALACIONES INTEGRADOS', '        Protección del aire y el clima', '37,525,341', '9,436,651', '6,835,709', '944,589', '2,415,738', '400,791', '9,953,554', '17,711,117', '41,963,066', '13,120,679', '37,058', '11,860,877', '2,774,798', '4,720,970', '3,889,836', '15,237,859', '70,284', '178,898,917');
INSERT INTO datos_espania (Periodo,Sector,Tipo,Ambito,Andalucia,Aragon,Asturias,Balears,Canarias,Cantabria,Castilla_Leon,Castilla_La_Mancha,Catalunia,Comunitat_Valenciana,Extremadura,Galicia,Madrid,Murcia,Navarra,Pais_Vasco,Rioja,Total_nacional) VALUES ('            2011', 'C. Industria manufacturera', '    INVERSIÓN EN EQUIPOS E INSTALACIONES INTEGRADOS', '        Protección del aire y el clima', '26,111,672', '4,108,963', '5,283,348', '802,593', '95,348', '5,088,819', '12,729,830', '8,339,550', '42,020,474', '6,464,590', '931,773', '9,417,041', '2,096,818', '9,777,429', '1,891,224', '18,266,275', '2,205,472', '155,631,219');
INSERT INTO datos_espania (Periodo,Sector,Tipo,Ambito,Andalucia,Aragon,Asturias,Balears,Canarias,Cantabria,Castilla_Leon,Castilla_La_Mancha,Catalunia,Comunitat_Valenciana,Extremadura,Galicia,Madrid,Murcia,Navarra,Pais_Vasco,Rioja,Total_nacional) VALUES ('            2010', 'C. Industria manufacturera', '    INVERSIÓN EN EQUIPOS E INSTALACIONES INTEGRADOS', '        Protección del aire y el clima', '48,147,316', '4,001,387', '6,581,311', '1,357,825', '84,940', '2,041,093', '9,887,866', '3,267,433', '53,284,392', '15,801,796', '93,006', '35,176,533', '3,713,866', '8,221,731', '5,034,661', '18,500,977', '102,585', '215,298,718');
INSERT INTO datos_espania (Periodo,Sector,Tipo,Ambito,Andalucia,Aragon,Asturias,Balears,Canarias,Cantabria,Castilla_Leon,Castilla_La_Mancha,Catalunia,Comunitat_Valenciana,Extremadura,Galicia,Madrid,Murcia,Navarra,Pais_Vasco,Rioja,Total_nacional) VALUES ('            2009', 'C. Industria manufacturera', '    INVERSIÓN EN EQUIPOS E INSTALACIONES INTEGRADOS', '        Protección del aire y el clima', '76,683,854', '3,526,462', '14,430,636', '0', '4,862,603', '3,739,911', '42,061,851', '12,084,459', '36,139,352', '12,310,841', '6,393,357', '26,004,238', '2,000,802', '5,037,850', '6,679,561', '14,975,945', '957,174', '267,888,896');
INSERT INTO datos_espania (Periodo,Sector,Tipo,Ambito,Andalucia,Aragon,Asturias,Balears,Canarias,Cantabria,Castilla_Leon,Castilla_La_Mancha,Catalunia,Comunitat_Valenciana,Extremadura,Galicia,Madrid,Murcia,Navarra,Pais_Vasco,Rioja,Total_nacional) VALUES ('            2008', 'C. Industria manufacturera', '    INVERSIÓN EN EQUIPOS E INSTALACIONES INTEGRADOS', '        Protección del aire y el clima', '37,184,556', '5,617,564', '21,931,545', '364,087', '350,641', '5,363,439', '20,551,054', '14,068,016', '53,619,369', '31,854,148', '2,360,183', '20,648,086', '3,980,224', '2,929,124', '17,333,763', '10,714,813', '352,400', '249,223,012');
INSERT INTO datos_espania (Periodo,Sector,Tipo,Ambito,Andalucia,Aragon,Asturias,Balears,Canarias,Cantabria,Castilla_Leon,Castilla_La_Mancha,Catalunia,Comunitat_Valenciana,Extremadura,Galicia,Madrid,Murcia,Navarra,Pais_Vasco,Rioja,Total_nacional) VALUES ('            2018', 'C. Industria manufacturera', '    INVERSIÓN EN EQUIPOS E INSTALACIONES INTEGRADOS', '        Gestión de aguas residuales', '7,901,831', '1,223,244', '3,345,416', '136,028', '872,055', '691,675', '2,172,345', '2,259,005', '6,647,320', '4,001,949', '668,071', '835,711', '539,058', '1,080,775', '729,603', '2,788,045', '380,572', '36,272,703');
INSERT INTO datos_espania (Periodo,Sector,Tipo,Ambito,Andalucia,Aragon,Asturias,Balears,Canarias,Cantabria,Castilla_Leon,Castilla_La_Mancha,Catalunia,Comunitat_Valenciana,Extremadura,Galicia,Madrid,Murcia,Navarra,Pais_Vasco,Rioja,Total_nacional) VALUES ('            2017', 'C. Industria manufacturera', '    INVERSIÓN EN EQUIPOS E INSTALACIONES INTEGRADOS', '        Gestión de aguas residuales', '10,253,957', '888,042', '953,989', '53,067', '424,511', '451,306', '4,035,496', '1,108,118', '5,756,251', '2,687,000', '124,215', '2,320,314', '670,698', '1,180,789', '827,989', '1,856,097', '195,718', '33,787,557');
INSERT INTO datos_espania (Periodo,Sector,Tipo,Ambito,Andalucia,Aragon,Asturias,Balears,Canarias,Cantabria,Castilla_Leon,Castilla_La_Mancha,Catalunia,Comunitat_Valenciana,Extremadura,Galicia,Madrid,Murcia,Navarra,Pais_Vasco,Rioja,Total_nacional) VALUES ('            2016', 'C. Industria manufacturera', '    INVERSIÓN EN EQUIPOS E INSTALACIONES INTEGRADOS', '        Gestión de aguas residuales', '3,266,687', '919,377', '916,973', '37,303', '374,441', '809,956', '642,073', '657,966', '6,621,192', '2,994,697', '435,705', '1,095,805', '643,791', '1,722,556', '541,374', '918,838', '167,438', '22,766,172');
INSERT INTO datos_espania (Periodo,Sector,Tipo,Ambito,Andalucia,Aragon,Asturias,Balears,Canarias,Cantabria,Castilla_Leon,Castilla_La_Mancha,Catalunia,Comunitat_Valenciana,Extremadura,Galicia,Madrid,Murcia,Navarra,Pais_Vasco,Rioja,Total_nacional) VALUES ('            2015', 'C. Industria manufacturera', '    INVERSIÓN EN EQUIPOS E INSTALACIONES INTEGRADOS', '        Gestión de aguas residuales', '5,172,372', '1,631,552', '7,263,413', '89,213', '477,959', '917,081', '955,820', '1,037,744', '7,605,704', '2,432,530', '244,438', '3,834,585', '732,656', '818,739', '828,206', '1,874,237', '116,141', '36,032,390');
INSERT INTO datos_espania (Periodo,Sector,Tipo,Ambito,Andalucia,Aragon,Asturias,Balears,Canarias,Cantabria,Castilla_Leon,Castilla_La_Mancha,Catalunia,Comunitat_Valenciana,Extremadura,Galicia,Madrid,Murcia,Navarra,Pais_Vasco,Rioja,Total_nacional) VALUES ('            2014', 'C. Industria manufacturera', '    INVERSIÓN EN EQUIPOS E INSTALACIONES INTEGRADOS', '        Gestión de aguas residuales', '3,588,692', '512,064', '4,431,312', '68,855', '201,051', '1,523,312', '2,189,022', '600,255', '9,268,772', '4,975,495', '132,597', '1,539,552', '1,389,274', '732,070', '1,262,720', '2,754,855', '108,466', '35,278,364');
INSERT INTO datos_espania (Periodo,Sector,Tipo,Ambito,Andalucia,Aragon,Asturias,Balears,Canarias,Cantabria,Castilla_Leon,Castilla_La_Mancha,Catalunia,Comunitat_Valenciana,Extremadura,Galicia,Madrid,Murcia,Navarra,Pais_Vasco,Rioja,Total_nacional) VALUES ('            2013', 'C. Industria manufacturera', '    INVERSIÓN EN EQUIPOS E INSTALACIONES INTEGRADOS', '        Gestión de aguas residuales', '4,836,090', '3,673,833', '2,182,578', '4,517', '380,601', '1,483,270', '3,128,514', '1,182,820', '7,840,262', '2,159,847', '80,848', '785,110', '307,469', '315,866', '5,917,143', '1,895,700', '127,471', '36,301,939');
INSERT INTO datos_espania (Periodo,Sector,Tipo,Ambito,Andalucia,Aragon,Asturias,Balears,Canarias,Cantabria,Castilla_Leon,Castilla_La_Mancha,Catalunia,Comunitat_Valenciana,Extremadura,Galicia,Madrid,Murcia,Navarra,Pais_Vasco,Rioja,Total_nacional) VALUES ('            2012', 'C. Industria manufacturera', '    INVERSIÓN EN EQUIPOS E INSTALACIONES INTEGRADOS', '        Gestión de aguas residuales', '4,145,558', '825,570', '797,493', '32,125', '205,642', '704,971', '2,449,167', '400,076', '11,050,116', '3,250,401', '667,918', '2,857,662', '1,709,098', '2,652,713', '1,563,516', '3,542,256', '26,509', '36,880,791');
INSERT INTO datos_espania (Periodo,Sector,Tipo,Ambito,Andalucia,Aragon,Asturias,Balears,Canarias,Cantabria,Castilla_Leon,Castilla_La_Mancha,Catalunia,Comunitat_Valenciana,Extremadura,Galicia,Madrid,Murcia,Navarra,Pais_Vasco,Rioja,Total_nacional) VALUES ('            2011', 'C. Industria manufacturera', '    INVERSIÓN EN EQUIPOS E INSTALACIONES INTEGRADOS', '        Gestión de aguas residuales', '7,129,179', '1,747,822', '1,002,812', '26,208', '383,482', '833,628', '3,960,409', '446,630', '10,410,699', '1,988,133', '108,863', '1,945,920', '857,478', '1,651,724', '745,767', '3,243,430', '163,181', '36,645,365');
INSERT INTO datos_espania (Periodo,Sector,Tipo,Ambito,Andalucia,Aragon,Asturias,Balears,Canarias,Cantabria,Castilla_Leon,Castilla_La_Mancha,Catalunia,Comunitat_Valenciana,Extremadura,Galicia,Madrid,Murcia,Navarra,Pais_Vasco,Rioja,Total_nacional) VALUES ('            2010', 'C. Industria manufacturera', '    INVERSIÓN EN EQUIPOS E INSTALACIONES INTEGRADOS', '        Gestión de aguas residuales', '11,741,644', '217,347', '1,855,749', '258,079', '289,561', '1,529,779', '1,751,688', '2,514,049', '11,131,715', '5,673,448', '125,092', '1,012,860', '1,941,423', '394,740', '1,920,287', '2,461,674', '66,464', '44,885,599');
INSERT INTO datos_espania (Periodo,Sector,Tipo,Ambito,Andalucia,Aragon,Asturias,Balears,Canarias,Cantabria,Castilla_Leon,Castilla_La_Mancha,Catalunia,Comunitat_Valenciana,Extremadura,Galicia,Madrid,Murcia,Navarra,Pais_Vasco,Rioja,Total_nacional) VALUES ('            2009', 'C. Industria manufacturera', '    INVERSIÓN EN EQUIPOS E INSTALACIONES INTEGRADOS', '        Gestión de aguas residuales', '7,986,353', '1,474,964', '1,344,725', '20,455', '327,064', '4,808,533', '5,104,281', '8,750,701', '9,167,323', '5,328,643', '90,495', '2,103,705', '646,341', '1,530,009', '2,554,741', '2,955,789', '55,202', '54,249,324');
INSERT INTO datos_espania (Periodo,Sector,Tipo,Ambito,Andalucia,Aragon,Asturias,Balears,Canarias,Cantabria,Castilla_Leon,Castilla_La_Mancha,Catalunia,Comunitat_Valenciana,Extremadura,Galicia,Madrid,Murcia,Navarra,Pais_Vasco,Rioja,Total_nacional) VALUES ('            2008', 'C. Industria manufacturera', '    INVERSIÓN EN EQUIPOS E INSTALACIONES INTEGRADOS', '        Gestión de aguas residuales', '4,472,206', '2,292,560', '1,355,210', '24,558', '219,012', '937,285', '10,009,328', '5,096,748', '20,800,717', '11,636,204', '254,928', '4,662,358', '2,252,872', '744,278', '740,479', '5,776,804', '859,854', '72,135,401');
INSERT INTO datos_espania (Periodo,Sector,Tipo,Ambito,Andalucia,Aragon,Asturias,Balears,Canarias,Cantabria,Castilla_Leon,Castilla_La_Mancha,Catalunia,Comunitat_Valenciana,Extremadura,Galicia,Madrid,Murcia,Navarra,Pais_Vasco,Rioja,Total_nacional) VALUES ('            2018', 'C. Industria manufacturera', '    INVERSIÓN EN EQUIPOS E INSTALACIONES INTEGRADOS', '        Gestión de residuos', '21,954,578', '666,574', '3,857,607', '44,793', '709,545', '1,256,825', '2,469,770', '427,805', '5,273,570', '2,563,421', '54,614', '4,418,249', '1,161,367', '407,406', '388,317', '1,462,539', '405,959', '47,522,939');
INSERT INTO datos_espania (Periodo,Sector,Tipo,Ambito,Andalucia,Aragon,Asturias,Balears,Canarias,Cantabria,Castilla_Leon,Castilla_La_Mancha,Catalunia,Comunitat_Valenciana,Extremadura,Galicia,Madrid,Murcia,Navarra,Pais_Vasco,Rioja,Total_nacional) VALUES ('            2017', 'C. Industria manufacturera', '    INVERSIÓN EN EQUIPOS E INSTALACIONES INTEGRADOS', '        Gestión de residuos', '668,278', '191,557', '1,443,602', '35,300', '57,639', '156,919', '1,834,999', '906,058', '4,258,443', '1,866,079', '79,098', '4,031,279', '905,795', '217,503', '633,642', '2,275,159', '153,361', '19,714,711');
INSERT INTO datos_espania (Periodo,Sector,Tipo,Ambito,Andalucia,Aragon,Asturias,Balears,Canarias,Cantabria,Castilla_Leon,Castilla_La_Mancha,Catalunia,Comunitat_Valenciana,Extremadura,Galicia,Madrid,Murcia,Navarra,Pais_Vasco,Rioja,Total_nacional) VALUES ('            2016', 'C. Industria manufacturera', '    INVERSIÓN EN EQUIPOS E INSTALACIONES INTEGRADOS', '        Gestión de residuos', '2,930,553', '1,377,392', '565,047', '18,983', '31,495', '100,093', '1,154,197', '1,252,410', '3,311,259', '1,827,946', '36,977', '5,099,278', '942,464', '243,840', '757,436', '1,514,373', '42,312', '21,206,055');
INSERT INTO datos_espania (Periodo,Sector,Tipo,Ambito,Andalucia,Aragon,Asturias,Balears,Canarias,Cantabria,Castilla_Leon,Castilla_La_Mancha,Catalunia,Comunitat_Valenciana,Extremadura,Galicia,Madrid,Murcia,Navarra,Pais_Vasco,Rioja,Total_nacional) VALUES ('            2015', 'C. Industria manufacturera', '    INVERSIÓN EN EQUIPOS E INSTALACIONES INTEGRADOS', '        Gestión de residuos', '5,912,954', '942,720', '154,434', '23,368', '43,000', '1,127,932', '1,517,190', '353,443', '5,226,820', '2,344,503', '80,645', '4,016,113', '614,205', '387,505', '227,491', '1,419,303', '104,153', '24,495,779');
INSERT INTO datos_espania (Periodo,Sector,Tipo,Ambito,Andalucia,Aragon,Asturias,Balears,Canarias,Cantabria,Castilla_Leon,Castilla_La_Mancha,Catalunia,Comunitat_Valenciana,Extremadura,Galicia,Madrid,Murcia,Navarra,Pais_Vasco,Rioja,Total_nacional) VALUES ('            2014', 'C. Industria manufacturera', '    INVERSIÓN EN EQUIPOS E INSTALACIONES INTEGRADOS', '        Gestión de residuos', '12,898,111', '2,732,649', '264,192', '35,140', '24,088', '118,796', '4,948,630', '556,315', '8,451,549', '3,562,704', '7,836', '3,295,457', '1,480,927', '251,652', '434,433', '2,574,493', '121,204', '41,758,176');
INSERT INTO datos_espania (Periodo,Sector,Tipo,Ambito,Andalucia,Aragon,Asturias,Balears,Canarias,Cantabria,Castilla_Leon,Castilla_La_Mancha,Catalunia,Comunitat_Valenciana,Extremadura,Galicia,Madrid,Murcia,Navarra,Pais_Vasco,Rioja,Total_nacional) VALUES ('            2013', 'C. Industria manufacturera', '    INVERSIÓN EN EQUIPOS E INSTALACIONES INTEGRADOS', '        Gestión de residuos', '509,760', '1,987,057', '3,967', '753', '45,095', '1,041,326', '4,119,998', '710,990', '10,222,102', '2,808,660', '5,000', '3,172,768', '1,525,055', '74,362', '668,281', '5,498,733', '12,127', '32,406,034');
INSERT INTO datos_espania (Periodo,Sector,Tipo,Ambito,Andalucia,Aragon,Asturias,Balears,Canarias,Cantabria,Castilla_Leon,Castilla_La_Mancha,Catalunia,Comunitat_Valenciana,Extremadura,Galicia,Madrid,Murcia,Navarra,Pais_Vasco,Rioja,Total_nacional) VALUES ('            2012', 'C. Industria manufacturera', '    INVERSIÓN EN EQUIPOS E INSTALACIONES INTEGRADOS', '        Gestión de residuos', '3,844,418', '738,145', '678,208', '0', '202,009', '622,703', '7,311,562', '1,646,700', '10,845,614', '1,955,394', '32,867', '1,054,205', '717,534', '912,031', '616,508', '7,106,869', '0', '38,284,767');
INSERT INTO datos_espania (Periodo,Sector,Tipo,Ambito,Andalucia,Aragon,Asturias,Balears,Canarias,Cantabria,Castilla_Leon,Castilla_La_Mancha,Catalunia,Comunitat_Valenciana,Extremadura,Galicia,Madrid,Murcia,Navarra,Pais_Vasco,Rioja,Total_nacional) VALUES ('            2011', 'C. Industria manufacturera', '    INVERSIÓN EN EQUIPOS E INSTALACIONES INTEGRADOS', '        Gestión de residuos', '2,672,458', '1,295,191', '201,591', '290,297', '465,496', '1,763', '3,320,357', '559,593', '4,507,666', '7,312,095', '243,427', '6,078,713', '2,150,186', '39,388', '509,441', '2,628,281', '1,782,584', '34,058,527');
INSERT INTO datos_espania (Periodo,Sector,Tipo,Ambito,Andalucia,Aragon,Asturias,Balears,Canarias,Cantabria,Castilla_Leon,Castilla_La_Mancha,Catalunia,Comunitat_Valenciana,Extremadura,Galicia,Madrid,Murcia,Navarra,Pais_Vasco,Rioja,Total_nacional) VALUES ('            2010', 'C. Industria manufacturera', '    INVERSIÓN EN EQUIPOS E INSTALACIONES INTEGRADOS', '        Gestión de residuos', '4,518,839', '4,227,656', '184,461', '0', '2,038,049', '532,173', '10,459,157', '703,987', '9,445,681', '5,441,699', '324,645', '538,479', '5,574,516', '979,637', '774,727', '3,323,184', '40,361', '49,107,251');
INSERT INTO datos_espania (Periodo,Sector,Tipo,Ambito,Andalucia,Aragon,Asturias,Balears,Canarias,Cantabria,Castilla_Leon,Castilla_La_Mancha,Catalunia,Comunitat_Valenciana,Extremadura,Galicia,Madrid,Murcia,Navarra,Pais_Vasco,Rioja,Total_nacional) VALUES ('            2009', 'C. Industria manufacturera', '    INVERSIÓN EN EQUIPOS E INSTALACIONES INTEGRADOS', '        Gestión de residuos', '6,734,247', '1,135,113', '278,142', '2,088', '227,605', '4,549,906', '8,625,607', '891,252', '9,474,177', '10,739,259', '208,227', '1,814,005', '3,577,664', '571,568', '2,597,497', '2,744,269', '15,000', '54,185,626');
INSERT INTO datos_espania (Periodo,Sector,Tipo,Ambito,Andalucia,Aragon,Asturias,Balears,Canarias,Cantabria,Castilla_Leon,Castilla_La_Mancha,Catalunia,Comunitat_Valenciana,Extremadura,Galicia,Madrid,Murcia,Navarra,Pais_Vasco,Rioja,Total_nacional) VALUES ('            2008', 'C. Industria manufacturera', '    INVERSIÓN EN EQUIPOS E INSTALACIONES INTEGRADOS', '        Gestión de residuos', '11,234,304', '2,336,675', '156,151', '21,757', '45,296', '112,784', '6,113,748', '2,425,866', '26,275,501', '10,463,213', '3,143,980', '3,486,041', '859,352', '1,413,573', '1,561,045', '4,888,749', '955,500', '75,493,535');
INSERT INTO datos_espania (Periodo,Sector,Tipo,Ambito,Andalucia,Aragon,Asturias,Balears,Canarias,Cantabria,Castilla_Leon,Castilla_La_Mancha,Catalunia,Comunitat_Valenciana,Extremadura,Galicia,Madrid,Murcia,Navarra,Pais_Vasco,Rioja,Total_nacional) VALUES ('            2018', 'C. Industria manufacturera', '    INVERSIÓN EN EQUIPOS E INSTALACIONES INTEGRADOS', '        Protección y descontaminación de suelos, aguas subterráneas y superficiales', '2,872,736', '356,683', '42,943', '8,534', '58,168', '511,159', '423,083', '1,147,172', '986,501', '528,051', '35,012', '1,038,992', '835,310', '647,549', '158,803', '845,895', '16,800', '10,513,391');
INSERT INTO datos_espania (Periodo,Sector,Tipo,Ambito,Andalucia,Aragon,Asturias,Balears,Canarias,Cantabria,Castilla_Leon,Castilla_La_Mancha,Catalunia,Comunitat_Valenciana,Extremadura,Galicia,Madrid,Murcia,Navarra,Pais_Vasco,Rioja,Total_nacional) VALUES ('            2017', 'C. Industria manufacturera', '    INVERSIÓN EN EQUIPOS E INSTALACIONES INTEGRADOS', '        Protección y descontaminación de suelos, aguas subterráneas y superficiales', '1,700,155', '212,126', '44,986', '11,605', '547,750', '345,121', '676,225', '489,817', '1,382,770', '1,114,411', '22,618', '603,887', '317,319', '29,886', '128,814', '550,319', '156,161', '8,333,970');
INSERT INTO datos_espania (Periodo,Sector,Tipo,Ambito,Andalucia,Aragon,Asturias,Balears,Canarias,Cantabria,Castilla_Leon,Castilla_La_Mancha,Catalunia,Comunitat_Valenciana,Extremadura,Galicia,Madrid,Murcia,Navarra,Pais_Vasco,Rioja,Total_nacional) VALUES ('            2016', 'C. Industria manufacturera', '    INVERSIÓN EN EQUIPOS E INSTALACIONES INTEGRADOS', '        Protección y descontaminación de suelos, aguas subterráneas y superficiales', '935,252', '93,145', '59,883', '5,682', '534,055', '221,124', '449,656', '139,846', '1,450,402', '430,589', '5,682', '676,436', '131,482', '143,320', '80,263', '1,199,331', '59,473', '6,615,621');
INSERT INTO datos_espania (Periodo,Sector,Tipo,Ambito,Andalucia,Aragon,Asturias,Balears,Canarias,Cantabria,Castilla_Leon,Castilla_La_Mancha,Catalunia,Comunitat_Valenciana,Extremadura,Galicia,Madrid,Murcia,Navarra,Pais_Vasco,Rioja,Total_nacional) VALUES ('            2015', 'C. Industria manufacturera', '    INVERSIÓN EN EQUIPOS E INSTALACIONES INTEGRADOS', '        Protección y descontaminación de suelos, aguas subterráneas y superficiales', '639,731', '723,627', '78,826', '12,659', '560,170', '27,930', '708,336', '278,101', '3,162,564', '946,454', '65,092', '1,314,029', '406,708', '102,481', '160,310', '275,084', '55,385', '9,517,487');
INSERT INTO datos_espania (Periodo,Sector,Tipo,Ambito,Andalucia,Aragon,Asturias,Balears,Canarias,Cantabria,Castilla_Leon,Castilla_La_Mancha,Catalunia,Comunitat_Valenciana,Extremadura,Galicia,Madrid,Murcia,Navarra,Pais_Vasco,Rioja,Total_nacional) VALUES ('            2014', 'C. Industria manufacturera', '    INVERSIÓN EN EQUIPOS E INSTALACIONES INTEGRADOS', '        Protección y descontaminación de suelos, aguas subterráneas y superficiales', '504,971', '389,598', '128,533', '41,634', '76,972', '65,314', '707,984', '282,615', '2,055,608', '1,099,633', '253,917', '1,624,517', '342,336', '342,952', '158,482', '852,763', '49,605', '8,977,434');
INSERT INTO datos_espania (Periodo,Sector,Tipo,Ambito,Andalucia,Aragon,Asturias,Balears,Canarias,Cantabria,Castilla_Leon,Castilla_La_Mancha,Catalunia,Comunitat_Valenciana,Extremadura,Galicia,Madrid,Murcia,Navarra,Pais_Vasco,Rioja,Total_nacional) VALUES ('            2013', 'C. Industria manufacturera', '    INVERSIÓN EN EQUIPOS E INSTALACIONES INTEGRADOS', '        Protección y descontaminación de suelos, aguas subterráneas y superficiales', '190,956', '704,210', '352,974', '0', '0', '82,392', '258,659', '119,794', '1,459,165', '479,642', '132,517', '1,942,309', '171,417', '14,958', '134,723', '705,431', '0', '6,749,147');
INSERT INTO datos_espania (Periodo,Sector,Tipo,Ambito,Andalucia,Aragon,Asturias,Balears,Canarias,Cantabria,Castilla_Leon,Castilla_La_Mancha,Catalunia,Comunitat_Valenciana,Extremadura,Galicia,Madrid,Murcia,Navarra,Pais_Vasco,Rioja,Total_nacional) VALUES ('            2012', 'C. Industria manufacturera', '    INVERSIÓN EN EQUIPOS E INSTALACIONES INTEGRADOS', '        Protección y descontaminación de suelos, aguas subterráneas y superficiales', '769,231', '401,003', '3,061,242', '0', '21,946', '5,110', '546,850', '164,658', '3,128,091', '77,661', '456', '2,349,771', '789,042', '49,015', '35,984', '692,448', '27,829', '12,120,337');
INSERT INTO datos_espania (Periodo,Sector,Tipo,Ambito,Andalucia,Aragon,Asturias,Balears,Canarias,Cantabria,Castilla_Leon,Castilla_La_Mancha,Catalunia,Comunitat_Valenciana,Extremadura,Galicia,Madrid,Murcia,Navarra,Pais_Vasco,Rioja,Total_nacional) VALUES ('            2011', 'C. Industria manufacturera', '    INVERSIÓN EN EQUIPOS E INSTALACIONES INTEGRADOS', '        Protección y descontaminación de suelos, aguas subterráneas y superficiales', '1,996,140', '243,270', '191,168', '24,383', '21,703', '324,456', '1,759,762', '568,032', '2,497,839', '23,868,006', '41,502', '1,248,160', '539,074', '2,529,567', '149,023', '469,056', '0', '36,471,141');
INSERT INTO datos_espania (Periodo,Sector,Tipo,Ambito,Andalucia,Aragon,Asturias,Balears,Canarias,Cantabria,Castilla_Leon,Castilla_La_Mancha,Catalunia,Comunitat_Valenciana,Extremadura,Galicia,Madrid,Murcia,Navarra,Pais_Vasco,Rioja,Total_nacional) VALUES ('            2010', 'C. Industria manufacturera', '    INVERSIÓN EN EQUIPOS E INSTALACIONES INTEGRADOS', '        Protección y descontaminación de suelos, aguas subterráneas y superficiales', '3,903,192', '252,435', '426,309', '0', '35,367', '281,787', '2,292,691', '31,066', '6,114,495', '1,053,501', '25,850', '683,846', '277,787', '119,466', '270,097', '742,446', '8,956', '16,519,291');
INSERT INTO datos_espania (Periodo,Sector,Tipo,Ambito,Andalucia,Aragon,Asturias,Balears,Canarias,Cantabria,Castilla_Leon,Castilla_La_Mancha,Catalunia,Comunitat_Valenciana,Extremadura,Galicia,Madrid,Murcia,Navarra,Pais_Vasco,Rioja,Total_nacional) VALUES ('            2009', 'C. Industria manufacturera', '    INVERSIÓN EN EQUIPOS E INSTALACIONES INTEGRADOS', '        Protección y descontaminación de suelos, aguas subterráneas y superficiales', '1,736,389', '425,540', '194,663', '71,970', '6,700', '140,386', '1,703,089', '593,302', '4,659,261', '512,176', '291,418', '291,437', '476,290', '166,881', '49,869', '1,274,933', '0', '12,594,304');
INSERT INTO datos_espania (Periodo,Sector,Tipo,Ambito,Andalucia,Aragon,Asturias,Balears,Canarias,Cantabria,Castilla_Leon,Castilla_La_Mancha,Catalunia,Comunitat_Valenciana,Extremadura,Galicia,Madrid,Murcia,Navarra,Pais_Vasco,Rioja,Total_nacional) VALUES ('            2008', 'C. Industria manufacturera', '    INVERSIÓN EN EQUIPOS E INSTALACIONES INTEGRADOS', '        Protección y descontaminación de suelos, aguas subterráneas y superficiales', '3,212,560', '591,427', '137,512', '4,908', '0', '220,026', '806,319', '400,393', '2,655,812', '276,783', '62,879', '523,678', '223,579', '77,205', '503,540', '820,707', '47,994', '10,565,322');
INSERT INTO datos_espania (Periodo,Sector,Tipo,Ambito,Andalucia,Aragon,Asturias,Balears,Canarias,Cantabria,Castilla_Leon,Castilla_La_Mancha,Catalunia,Comunitat_Valenciana,Extremadura,Galicia,Madrid,Murcia,Navarra,Pais_Vasco,Rioja,Total_nacional) VALUES ('            2018', 'C. Industria manufacturera', '    INVERSIÓN EN EQUIPOS E INSTALACIONES INTEGRADOS', '        Reducción del ruido y las vibraciones', '277,739', '596,635', '272,777', '36,239', '147,158', '82,080', '261,070', '153,424', '682,353', '585,249', '89,635', '248,752', '140,084', '204,881', '357,496', '134,259', '51,744', '4,321,575');
INSERT INTO datos_espania (Periodo,Sector,Tipo,Ambito,Andalucia,Aragon,Asturias,Balears,Canarias,Cantabria,Castilla_Leon,Castilla_La_Mancha,Catalunia,Comunitat_Valenciana,Extremadura,Galicia,Madrid,Murcia,Navarra,Pais_Vasco,Rioja,Total_nacional) VALUES ('            2017', 'C. Industria manufacturera', '    INVERSIÓN EN EQUIPOS E INSTALACIONES INTEGRADOS', '        Reducción del ruido y las vibraciones', '170,154', '162,660', '107,145', '9,960', '32,021', '43,085', '1,772,146', '175,672', '658,960', '573,538', '34,637', '471,908', '241,573', '477,302', '292,985', '701,417', '91,134', '6,016,297');
INSERT INTO datos_espania (Periodo,Sector,Tipo,Ambito,Andalucia,Aragon,Asturias,Balears,Canarias,Cantabria,Castilla_Leon,Castilla_La_Mancha,Catalunia,Comunitat_Valenciana,Extremadura,Galicia,Madrid,Murcia,Navarra,Pais_Vasco,Rioja,Total_nacional) VALUES ('            2016', 'C. Industria manufacturera', '    INVERSIÓN EN EQUIPOS E INSTALACIONES INTEGRADOS', '        Reducción del ruido y las vibraciones', '433,047', '136,014', '88,862', '24,138', '82,166', '33,201', '328,970', '93,238', '798,156', '322,659', '16,179', '768,496', '355,523', '337,082', '187,164', '223,105', '84,431', '4,312,431');
INSERT INTO datos_espania (Periodo,Sector,Tipo,Ambito,Andalucia,Aragon,Asturias,Balears,Canarias,Cantabria,Castilla_Leon,Castilla_La_Mancha,Catalunia,Comunitat_Valenciana,Extremadura,Galicia,Madrid,Murcia,Navarra,Pais_Vasco,Rioja,Total_nacional) VALUES ('            2015', 'C. Industria manufacturera', '    INVERSIÓN EN EQUIPOS E INSTALACIONES INTEGRADOS', '        Reducción del ruido y las vibraciones', '605,228', '53,185', '35,114', '5,859', '10,473', '20,522', '274,526', '71,763', '769,088', '534,998', '48,055', '457,678', '397,704', '46,714', '31,415', '769,115', '13,164', '4,144,601');
INSERT INTO datos_espania (Periodo,Sector,Tipo,Ambito,Andalucia,Aragon,Asturias,Balears,Canarias,Cantabria,Castilla_Leon,Castilla_La_Mancha,Catalunia,Comunitat_Valenciana,Extremadura,Galicia,Madrid,Murcia,Navarra,Pais_Vasco,Rioja,Total_nacional) VALUES ('            2014', 'C. Industria manufacturera', '    INVERSIÓN EN EQUIPOS E INSTALACIONES INTEGRADOS', '        Reducción del ruido y las vibraciones', '88,006', '201,714', '176,976', '11,913', '45,264', '48,535', '994,618', '164,764', '507,396', '469,755', '20,523', '87,437', '127,639', '85,419', '72,788', '302,651', '51,239', '3,456,637');
INSERT INTO datos_espania (Periodo,Sector,Tipo,Ambito,Andalucia,Aragon,Asturias,Balears,Canarias,Cantabria,Castilla_Leon,Castilla_La_Mancha,Catalunia,Comunitat_Valenciana,Extremadura,Galicia,Madrid,Murcia,Navarra,Pais_Vasco,Rioja,Total_nacional) VALUES ('            2013', 'C. Industria manufacturera', '    INVERSIÓN EN EQUIPOS E INSTALACIONES INTEGRADOS', '        Reducción del ruido y las vibraciones', '127,642', '2,331,197', '24,226', '0', '0', '6,737', '375,463', '5,000', '971,068', '286,898', '0', '285,545', '105,866', '278,373', '120,665', '237,053', '16,892', '5,172,625');
INSERT INTO datos_espania (Periodo,Sector,Tipo,Ambito,Andalucia,Aragon,Asturias,Balears,Canarias,Cantabria,Castilla_Leon,Castilla_La_Mancha,Catalunia,Comunitat_Valenciana,Extremadura,Galicia,Madrid,Murcia,Navarra,Pais_Vasco,Rioja,Total_nacional) VALUES ('            2012', 'C. Industria manufacturera', '    INVERSIÓN EN EQUIPOS E INSTALACIONES INTEGRADOS', '        Reducción del ruido y las vibraciones', '221,119', '155,065', '0', '0', '38,164', '39,785', '356,015', '70,000', '1,636,515', '597,728', '0', '447,845', '410,070', '34,312', '213,170', '192,695', '28,850', '4,441,333');
INSERT INTO datos_espania (Periodo,Sector,Tipo,Ambito,Andalucia,Aragon,Asturias,Balears,Canarias,Cantabria,Castilla_Leon,Castilla_La_Mancha,Catalunia,Comunitat_Valenciana,Extremadura,Galicia,Madrid,Murcia,Navarra,Pais_Vasco,Rioja,Total_nacional) VALUES ('            2011', 'C. Industria manufacturera', '    INVERSIÓN EN EQUIPOS E INSTALACIONES INTEGRADOS', '        Reducción del ruido y las vibraciones', '149,211', '437,590', '106,949', '0', '52,529', '176,367', '166,918', '563,901', '1,184,279', '1,236,303', '265', '746,941', '345,537', '17,168', '198,053', '323,853', '60,985', '5,766,849');
INSERT INTO datos_espania (Periodo,Sector,Tipo,Ambito,Andalucia,Aragon,Asturias,Balears,Canarias,Cantabria,Castilla_Leon,Castilla_La_Mancha,Catalunia,Comunitat_Valenciana,Extremadura,Galicia,Madrid,Murcia,Navarra,Pais_Vasco,Rioja,Total_nacional) VALUES ('            2010', 'C. Industria manufacturera', '    INVERSIÓN EN EQUIPOS E INSTALACIONES INTEGRADOS', '        Reducción del ruido y las vibraciones', '518,842', '419,186', '218,509', '217,929', '54,494', '33,500', '275,014', '344,064', '2,390,706', '884,129', '52,277', '161,109', '704,298', '686,120', '150,980', '913,145', '2,073', '8,026,375');
INSERT INTO datos_espania (Periodo,Sector,Tipo,Ambito,Andalucia,Aragon,Asturias,Balears,Canarias,Cantabria,Castilla_Leon,Castilla_La_Mancha,Catalunia,Comunitat_Valenciana,Extremadura,Galicia,Madrid,Murcia,Navarra,Pais_Vasco,Rioja,Total_nacional) VALUES ('            2009', 'C. Industria manufacturera', '    INVERSIÓN EN EQUIPOS E INSTALACIONES INTEGRADOS', '        Reducción del ruido y las vibraciones', '316,791', '485,987', '78,297', '111,879', '152,782', '115,861', '558,518', '138,189', '1,247,925', '1,650,204', '1,000', '676,237', '166,438', '340,816', '140,275', '2,507,247', '141,474', '8,829,920');
INSERT INTO datos_espania (Periodo,Sector,Tipo,Ambito,Andalucia,Aragon,Asturias,Balears,Canarias,Cantabria,Castilla_Leon,Castilla_La_Mancha,Catalunia,Comunitat_Valenciana,Extremadura,Galicia,Madrid,Murcia,Navarra,Pais_Vasco,Rioja,Total_nacional) VALUES ('            2008', 'C. Industria manufacturera', '    INVERSIÓN EN EQUIPOS E INSTALACIONES INTEGRADOS', '        Reducción del ruido y las vibraciones', '6,095,500', '533,953', '173,410', '28,800', '25,979', '137,451', '556,566', '33,741', '3,651,724', '1,314,233', '43,165', '83,641', '634,893', '144,868', '59,199', '658,006', '40,000', '14,215,129');
INSERT INTO datos_espania (Periodo,Sector,Tipo,Ambito,Andalucia,Aragon,Asturias,Balears,Canarias,Cantabria,Castilla_Leon,Castilla_La_Mancha,Catalunia,Comunitat_Valenciana,Extremadura,Galicia,Madrid,Murcia,Navarra,Pais_Vasco,Rioja,Total_nacional) VALUES ('            2018', 'C. Industria manufacturera', '    INVERSIÓN EN EQUIPOS E INSTALACIONES INTEGRADOS', '        Protección de la biodiversidad y los paisajes', '..', '..', '..', '..', '..', '..', '..', '..', '..', '..', '..', '..', '..', '..', '..', '..', '..', '..');
INSERT INTO datos_espania (Periodo,Sector,Tipo,Ambito,Andalucia,Aragon,Asturias,Balears,Canarias,Cantabria,Castilla_Leon,Castilla_La_Mancha,Catalunia,Comunitat_Valenciana,Extremadura,Galicia,Madrid,Murcia,Navarra,Pais_Vasco,Rioja,Total_nacional) VALUES ('            2017', 'C. Industria manufacturera', '    INVERSIÓN EN EQUIPOS E INSTALACIONES INTEGRADOS', '        Protección de la biodiversidad y los paisajes', '..', '..', '..', '..', '..', '..', '..', '..', '..', '..', '..', '..', '..', '..', '..', '..', '..', '..');
INSERT INTO datos_espania (Periodo,Sector,Tipo,Ambito,Andalucia,Aragon,Asturias,Balears,Canarias,Cantabria,Castilla_Leon,Castilla_La_Mancha,Catalunia,Comunitat_Valenciana,Extremadura,Galicia,Madrid,Murcia,Navarra,Pais_Vasco,Rioja,Total_nacional) VALUES ('            2016', 'C. Industria manufacturera', '    INVERSIÓN EN EQUIPOS E INSTALACIONES INTEGRADOS', '        Protección de la biodiversidad y los paisajes', '..', '..', '..', '..', '..', '..', '..', '..', '..', '..', '..', '..', '..', '..', '..', '..', '..', '..');
INSERT INTO datos_espania (Periodo,Sector,Tipo,Ambito,Andalucia,Aragon,Asturias,Balears,Canarias,Cantabria,Castilla_Leon,Castilla_La_Mancha,Catalunia,Comunitat_Valenciana,Extremadura,Galicia,Madrid,Murcia,Navarra,Pais_Vasco,Rioja,Total_nacional) VALUES ('            2015', 'C. Industria manufacturera', '    INVERSIÓN EN EQUIPOS E INSTALACIONES INTEGRADOS', '        Protección de la biodiversidad y los paisajes', '..', '..', '..', '..', '..', '..', '..', '..', '..', '..', '..', '..', '..', '..', '..', '..', '..', '..');
INSERT INTO datos_espania (Periodo,Sector,Tipo,Ambito,Andalucia,Aragon,Asturias,Balears,Canarias,Cantabria,Castilla_Leon,Castilla_La_Mancha,Catalunia,Comunitat_Valenciana,Extremadura,Galicia,Madrid,Murcia,Navarra,Pais_Vasco,Rioja,Total_nacional) VALUES ('            2014', 'C. Industria manufacturera', '    INVERSIÓN EN EQUIPOS E INSTALACIONES INTEGRADOS', '        Protección de la biodiversidad y los paisajes', '..', '..', '..', '..', '..', '..', '..', '..', '..', '..', '..', '..', '..', '..', '..', '..', '..', '..');
INSERT INTO datos_espania (Periodo,Sector,Tipo,Ambito,Andalucia,Aragon,Asturias,Balears,Canarias,Cantabria,Castilla_Leon,Castilla_La_Mancha,Catalunia,Comunitat_Valenciana,Extremadura,Galicia,Madrid,Murcia,Navarra,Pais_Vasco,Rioja,Total_nacional) VALUES ('            2013', 'C. Industria manufacturera', '    INVERSIÓN EN EQUIPOS E INSTALACIONES INTEGRADOS', '        Protección de la biodiversidad y los paisajes', '..', '..', '..', '..', '..', '..', '..', '..', '..', '..', '..', '..', '..', '..', '..', '..', '..', '..');
INSERT INTO datos_espania (Periodo,Sector,Tipo,Ambito,Andalucia,Aragon,Asturias,Balears,Canarias,Cantabria,Castilla_Leon,Castilla_La_Mancha,Catalunia,Comunitat_Valenciana,Extremadura,Galicia,Madrid,Murcia,Navarra,Pais_Vasco,Rioja,Total_nacional) VALUES ('            2012', 'C. Industria manufacturera', '    INVERSIÓN EN EQUIPOS E INSTALACIONES INTEGRADOS', '        Protección de la biodiversidad y los paisajes', '..', '..', '..', '..', '..', '..', '..', '..', '..', '..', '..', '..', '..', '..', '..', '..', '..', '..');
INSERT INTO datos_espania (Periodo,Sector,Tipo,Ambito,Andalucia,Aragon,Asturias,Balears,Canarias,Cantabria,Castilla_Leon,Castilla_La_Mancha,Catalunia,Comunitat_Valenciana,Extremadura,Galicia,Madrid,Murcia,Navarra,Pais_Vasco,Rioja,Total_nacional) VALUES ('            2011', 'C. Industria manufacturera', '    INVERSIÓN EN EQUIPOS E INSTALACIONES INTEGRADOS', '        Protección de la biodiversidad y los paisajes', '..', '..', '..', '..', '..', '..', '..', '..', '..', '..', '..', '..', '..', '..', '..', '..', '..', '..');
INSERT INTO datos_espania (Periodo,Sector,Tipo,Ambito,Andalucia,Aragon,Asturias,Balears,Canarias,Cantabria,Castilla_Leon,Castilla_La_Mancha,Catalunia,Comunitat_Valenciana,Extremadura,Galicia,Madrid,Murcia,Navarra,Pais_Vasco,Rioja,Total_nacional) VALUES ('            2010', 'C. Industria manufacturera', '    INVERSIÓN EN EQUIPOS E INSTALACIONES INTEGRADOS', '        Protección de la biodiversidad y los paisajes', '..', '..', '..', '..', '..', '..', '..', '..', '..', '..', '..', '..', '..', '..', '..', '..', '..', '..');
INSERT INTO datos_espania (Periodo,Sector,Tipo,Ambito,Andalucia,Aragon,Asturias,Balears,Canarias,Cantabria,Castilla_Leon,Castilla_La_Mancha,Catalunia,Comunitat_Valenciana,Extremadura,Galicia,Madrid,Murcia,Navarra,Pais_Vasco,Rioja,Total_nacional) VALUES ('            2009', 'C. Industria manufacturera', '    INVERSIÓN EN EQUIPOS E INSTALACIONES INTEGRADOS', '        Protección de la biodiversidad y los paisajes', '..', '..', '..', '..', '..', '..', '..', '..', '..', '..', '..', '..', '..', '..', '..', '..', '..', '..');
INSERT INTO datos_espania (Periodo,Sector,Tipo,Ambito,Andalucia,Aragon,Asturias,Balears,Canarias,Cantabria,Castilla_Leon,Castilla_La_Mancha,Catalunia,Comunitat_Valenciana,Extremadura,Galicia,Madrid,Murcia,Navarra,Pais_Vasco,Rioja,Total_nacional) VALUES ('            2008', 'C. Industria manufacturera', '    INVERSIÓN EN EQUIPOS E INSTALACIONES INTEGRADOS', '        Protección de la biodiversidad y los paisajes', '..', '..', '..', '..', '..', '..', '..', '..', '..', '..', '..', '..', '..', '..', '..', '..', '..', '..');
INSERT INTO datos_espania (Periodo,Sector,Tipo,Ambito,Andalucia,Aragon,Asturias,Balears,Canarias,Cantabria,Castilla_Leon,Castilla_La_Mancha,Catalunia,Comunitat_Valenciana,Extremadura,Galicia,Madrid,Murcia,Navarra,Pais_Vasco,Rioja,Total_nacional) VALUES ('            2018', 'C. Industria manufacturera', '    INVERSIÓN EN EQUIPOS E INSTALACIONES INTEGRADOS', '        Otras actividades de protección ambiental', '1,006,361', '30,551', '5,825', '813', '1,327', '53,720', '325,637', '50,727', '378,460', '2,241,849', '2,688', '153,016', '193,386', '109,126', '23,028', '410,722', '709', '4,987,945');
INSERT INTO datos_espania (Periodo,Sector,Tipo,Ambito,Andalucia,Aragon,Asturias,Balears,Canarias,Cantabria,Castilla_Leon,Castilla_La_Mancha,Catalunia,Comunitat_Valenciana,Extremadura,Galicia,Madrid,Murcia,Navarra,Pais_Vasco,Rioja,Total_nacional) VALUES ('            2017', 'C. Industria manufacturera', '    INVERSIÓN EN EQUIPOS E INSTALACIONES INTEGRADOS', '        Otras actividades de protección ambiental', '1,123,030', '84,833', '12,541', '4,621', '9,875', '96,332', '421,091', '41,474', '792,697', '231,383', '4,921', '179,888', '89,062', '233,758', '15,300', '1,392,618', '61,776', '4,795,200');
INSERT INTO datos_espania (Periodo,Sector,Tipo,Ambito,Andalucia,Aragon,Asturias,Balears,Canarias,Cantabria,Castilla_Leon,Castilla_La_Mancha,Catalunia,Comunitat_Valenciana,Extremadura,Galicia,Madrid,Murcia,Navarra,Pais_Vasco,Rioja,Total_nacional) VALUES ('            2016', 'C. Industria manufacturera', '    INVERSIÓN EN EQUIPOS E INSTALACIONES INTEGRADOS', '        Otras actividades de protección ambiental', '263,670', '0', '0', '0', '28,148', '0', '235,781', '43,021', '729,038', '371,667', '14,074', '297,065', '170,462', '813,949', '144,580', '4,650,173', '14,074', '7,775,702');
INSERT INTO datos_espania (Periodo,Sector,Tipo,Ambito,Andalucia,Aragon,Asturias,Balears,Canarias,Cantabria,Castilla_Leon,Castilla_La_Mancha,Catalunia,Comunitat_Valenciana,Extremadura,Galicia,Madrid,Murcia,Navarra,Pais_Vasco,Rioja,Total_nacional) VALUES ('            2015', 'C. Industria manufacturera', '    INVERSIÓN EN EQUIPOS E INSTALACIONES INTEGRADOS', '        Otras actividades de protección ambiental', '213,544', '53,376', '23,573', '19,427', '8,102', '8,834', '135,777', '260,531', '847,235', '281,087', '13,912', '682,033', '318,037', '33,326', '395,028', '528,508', '38,602', '3,860,932');
INSERT INTO datos_espania (Periodo,Sector,Tipo,Ambito,Andalucia,Aragon,Asturias,Balears,Canarias,Cantabria,Castilla_Leon,Castilla_La_Mancha,Catalunia,Comunitat_Valenciana,Extremadura,Galicia,Madrid,Murcia,Navarra,Pais_Vasco,Rioja,Total_nacional) VALUES ('            2014', 'C. Industria manufacturera', '    INVERSIÓN EN EQUIPOS E INSTALACIONES INTEGRADOS', '        Otras actividades de protección ambiental', '463,239', '237,331', '282,887', '20,000', '0', '3,427', '132,850', '141,409', '2,568,592', '266,483', '0', '498,486', '245,965', '451,312', '20,005', '1,343,543', '6,375', '6,681,904');
INSERT INTO datos_espania (Periodo,Sector,Tipo,Ambito,Andalucia,Aragon,Asturias,Balears,Canarias,Cantabria,Castilla_Leon,Castilla_La_Mancha,Catalunia,Comunitat_Valenciana,Extremadura,Galicia,Madrid,Murcia,Navarra,Pais_Vasco,Rioja,Total_nacional) VALUES ('            2013', 'C. Industria manufacturera', '    INVERSIÓN EN EQUIPOS E INSTALACIONES INTEGRADOS', '        Otras actividades de protección ambiental', '393,085', '1,786,109', '9,326', '0', '0', '242,519', '605,757', '1,013', '8,008,352', '0', '0', '172,391', '111,877', '450', '101,111', '673,509', '0', '12,105,499');
INSERT INTO datos_espania (Periodo,Sector,Tipo,Ambito,Andalucia,Aragon,Asturias,Balears,Canarias,Cantabria,Castilla_Leon,Castilla_La_Mancha,Catalunia,Comunitat_Valenciana,Extremadura,Galicia,Madrid,Murcia,Navarra,Pais_Vasco,Rioja,Total_nacional) VALUES ('            2012', 'C. Industria manufacturera', '    INVERSIÓN EN EQUIPOS E INSTALACIONES INTEGRADOS', '        Otras actividades de protección ambiental', '3,073,039', '2,040,116', '888,246', '22,202', '373,755', '497,249', '5,460,967', '560,363', '12,670,783', '4,464,234', '295,905', '1,257,539', '1,847,582', '706,688', '1,566,924', '3,245,920', '375,193', '39,346,705');
INSERT INTO datos_espania (Periodo,Sector,Tipo,Ambito,Andalucia,Aragon,Asturias,Balears,Canarias,Cantabria,Castilla_Leon,Castilla_La_Mancha,Catalunia,Comunitat_Valenciana,Extremadura,Galicia,Madrid,Murcia,Navarra,Pais_Vasco,Rioja,Total_nacional) VALUES ('            2011', 'C. Industria manufacturera', '    INVERSIÓN EN EQUIPOS E INSTALACIONES INTEGRADOS', '        Otras actividades de protección ambiental', '3,885,430', '1,815,630', '491,038', '263,989', '416,429', '2,273,858', '6,005,928', '330,021', '13,399,979', '3,575,362', '389,754', '2,608,915', '1,534,201', '1,146,616', '1,537,344', '7,503,915', '41,609', '47,220,018');
INSERT INTO datos_espania (Periodo,Sector,Tipo,Ambito,Andalucia,Aragon,Asturias,Balears,Canarias,Cantabria,Castilla_Leon,Castilla_La_Mancha,Catalunia,Comunitat_Valenciana,Extremadura,Galicia,Madrid,Murcia,Navarra,Pais_Vasco,Rioja,Total_nacional) VALUES ('            2010', 'C. Industria manufacturera', '    INVERSIÓN EN EQUIPOS E INSTALACIONES INTEGRADOS', '        Otras actividades de protección ambiental', '4,193,930', '5,450,894', '1,231,264', '16,015', '215,933', '873,544', '5,036,906', '1,095,642', '16,834,393', '5,223,350', '466,428', '1,397,448', '1,614,149', '2,259,969', '972,215', '4,156,548', '160,613', '51,199,241');
INSERT INTO datos_espania (Periodo,Sector,Tipo,Ambito,Andalucia,Aragon,Asturias,Balears,Canarias,Cantabria,Castilla_Leon,Castilla_La_Mancha,Catalunia,Comunitat_Valenciana,Extremadura,Galicia,Madrid,Murcia,Navarra,Pais_Vasco,Rioja,Total_nacional) VALUES ('            2009', 'C. Industria manufacturera', '    INVERSIÓN EN EQUIPOS E INSTALACIONES INTEGRADOS', '        Otras actividades de protección ambiental', '2,706,417', '5,765,489', '2,573,304', '16,015', '453,942', '1,231,768', '4,699,275', '2,812,288', '13,357,921', '21,913,587', '595,253', '2,666,215', '3,874,038', '1,745,234', '4,941,096', '6,500,483', '592,139', '76,444,464');
INSERT INTO datos_espania (Periodo,Sector,Tipo,Ambito,Andalucia,Aragon,Asturias,Balears,Canarias,Cantabria,Castilla_Leon,Castilla_La_Mancha,Catalunia,Comunitat_Valenciana,Extremadura,Galicia,Madrid,Murcia,Navarra,Pais_Vasco,Rioja,Total_nacional) VALUES ('            2008', 'C. Industria manufacturera', '    INVERSIÓN EN EQUIPOS E INSTALACIONES INTEGRADOS', '        Otras actividades de protección ambiental', '16,978,771', '2,911,460', '914,987', '6,311', '1,515,873', '1,345,114', '14,831,409', '1,710,170', '16,604,355', '12,726,862', '165,000', '4,136,666', '2,298,678', '688,727', '1,868,507', '10,687,435', '103,117', '89,493,442');

--
insert into tbl_suscripcion(NOMBRES,APELLIDOS,  CORREO) values("kevin","galata","vargas");
##select * from tbl_suscripcion;
/*
SET SQL_SAFE_UPDATES = 0;
delete from tbl_suscripcion;
*/
/*57 ECUADOR
12 ARGENTINA
45 COLOMBIA
179 PERU
31 BRASIL*/

/*SELECT * FROM TBL_CONTACTO;
SELECT * FROM TBL_PAIS;
SELECT * FROM TBL_ODS;
SELECT * FROM TBL_USUARIO;
SELECT * FROM TBL_Ambito_VAR_Flow_ODS;
SELECT * FROM tbl_clientes;

SELECT A.ID, A.CODIGO, A.Ambito_VAR_Flow, A.ODS, O.NOMBRE AS NOMBRE_ODS
FROM TBL_Ambito_VAR_Flow_ODS A
JOIN TBL_ODS O ON O.ID = A.ODS;*/

/*
##PANTALLA 3
SELECT I.ID, P.NOMBRE, I.VENTA, I.MES, I.ANIO
FROM TBL_PETROLEO_INF I
JOIN TBL_PAIS P ON P.ID = I.ID_PAIS;

##parte ppantalla 5
select * from datos_espania;*/

CREATE TABLE tbl_estudiantes (
  ID int(11) NOT NULL AUTO_INCREMENT,
  CODIGO varchar(80) ,
  CEDULA varchar(15) ,
  NOMBRES varchar(200) ,
  APELLIDOS varchar(200),
  PRIMARY KEY (ID)
);