CREATE SCHEMA IF NOT EXISTS UG_BASE_PHP DEFAULT CHARACTER SET UTF8MB4;

USE UG_BASE_PHP;

CREATE TABLE IF NOT EXISTS TBL_USUARIO (
  ID INT(11) NOT NULL AUTO_INCREMENT,
  NOMBRE_USUARIO VARCHAR(200) NULL DEFAULT NULL COMMENT '',
  CONTRASENIA VARCHAR(200) NULL DEFAULT NULL COMMENT '',
  PRIMARY KEY (ID)
);

##DROP TABLE TBL_CONTACTO;
CREATE TABLE TBL_CONTACTO(
  ID INT(11) NOT NULL AUTO_INCREMENT,
  NOMBRES VARCHAR(100),
  EMAIL VARCHAR(150),
  TELEFONO VARCHAR(15),
  MENSAJE VARCHAR(300),
  PRIMARY KEY (ID)
);

INSERT INTO
  TBL_USUARIO (NOMBRE_USUARIO, CONTRASENIA)
VALUES
('KGALARZA', '123');

SELECT
  *
FROM
  TBL_USUARIO
WHERE
  NOMBRE_USUARIO = 'KGALARZA'
  AND CONTRASENIA = '1234';

## CREACION DE TABLA PARA PAISES drop table TBL_PAIS
CREATE TABLE TBL_PAIS(
  ID INT(11) NOT NULL AUTO_INCREMENT,
  NOMBRE VARCHAR(80),
  NAME VARCHAR(80),
  NOM VARCHAR(42),
  ISO2 VARCHAR(5),
  ISO3 VARCHAR(5),
  PHONE_CODE VARCHAR(11),
  PRIMARY KEY (ID)
);

INSERT INTO
  TBL_PAIS(NOMBRE, NAME, NOM, ISO2, ISO3, PHONE_CODE)
VALUES
  (
    'AFGANISTÁN',
    'AFGHANISTAN',
    'AFGHANISTAN',
    'AF',
    'AFG',
    '93'
  );

INSERT INTO
  TBL_PAIS(NOMBRE, NAME, NOM, ISO2, ISO3, PHONE_CODE)
VALUES
  ('ALBANIA', 'ALBANIA', 'ALBANIE', 'AL', 'ALB', '355');

INSERT INTO
  TBL_PAIS(NOMBRE, NAME, NOM, ISO2, ISO3, PHONE_CODE)
VALUES
  ('ALEMANIA', 'GERMANY', 'ALLEMAGNE', 'DE', 'DEU', '49');

INSERT INTO
  TBL_PAIS(NOMBRE, NAME, NOM, ISO2, ISO3, PHONE_CODE)
VALUES
  ('ALGERIA', 'ALGERIA', 'ALGÉRIE', 'DZ', 'DZA', '213');

INSERT INTO
  TBL_PAIS(NOMBRE, NAME, NOM, ISO2, ISO3, PHONE_CODE)
VALUES
  ('ANDORRA', 'ANDORRA', 'ANDORRA', 'AD', 'AND', '376');

INSERT INTO
  TBL_PAIS(NOMBRE, NAME, NOM, ISO2, ISO3, PHONE_CODE)
VALUES
  ('ANGOLA', 'ANGOLA', 'ANGOLA', 'AO', 'AGO', '244');

INSERT INTO
  TBL_PAIS(NOMBRE, NAME, NOM, ISO2, ISO3, PHONE_CODE)
VALUES
  (
    'ANGUILA',
    'ANGUILLA',
    'ANGUILLA',
    'AI',
    'AIA',
    '1 264'
  );

INSERT INTO
  TBL_PAIS(NOMBRE, NAME, NOM, ISO2, ISO3, PHONE_CODE)
VALUES
  (
    'ANTÁRTIDA',
    'ANTARCTICA',
    'L''ANTARCTIQUE',
    'AQ',
    'ATA',
    '672'
  );

INSERT INTO
  TBL_PAIS(NOMBRE, NAME, NOM, ISO2, ISO3, PHONE_CODE)
VALUES
  (
    'ANTIGUA Y BARBUDA',
    'ANTIGUA AND BARBUDA',
    'ANTIGUA ET BARBUDA',
    'AG',
    'ATG',
    '1 268'
  );

INSERT INTO
  TBL_PAIS(NOMBRE, NAME, NOM, ISO2, ISO3, PHONE_CODE)
VALUES
  (
    'ANTILLAS NEERLANDESAS',
    'NETHERLANDS ANTILLES',
    'ANTILLES NÉERLANDAISES',
    'AN',
    'ANT',
    '599'
  );

INSERT INTO
  TBL_PAIS(NOMBRE, NAME, NOM, ISO2, ISO3, PHONE_CODE)
VALUES
  (
    'ARABIA SAUDITA',
    'SAUDI ARABIA',
    'ARABIE SAOUDITE',
    'SA',
    'SAU',
    '966'
  );

INSERT INTO
  TBL_PAIS(NOMBRE, NAME, NOM, ISO2, ISO3, PHONE_CODE)
VALUES
  (
    'ARGENTINA',
    'ARGENTINA',
    'ARGENTINE',
    'AR',
    'ARG',
    '54'
  );

INSERT INTO
  TBL_PAIS(NOMBRE, NAME, NOM, ISO2, ISO3, PHONE_CODE)
VALUES
  (
    'ARMENIA',
    'ARMENIA',
    'L''ARMÉNIE',
    'AM',
    'ARM',
    '374'
  );

INSERT INTO
  TBL_PAIS(NOMBRE, NAME, NOM, ISO2, ISO3, PHONE_CODE)
VALUES
  ('ARUBA', 'ARUBA', 'ARUBA', 'AW', 'ABW', '297');

INSERT INTO
  TBL_PAIS(NOMBRE, NAME, NOM, ISO2, ISO3, PHONE_CODE)
VALUES
  (
    'AUSTRALIA',
    'AUSTRALIA',
    'AUSTRALIE',
    'AU',
    'AUS',
    '61'
  );

INSERT INTO
  TBL_PAIS(NOMBRE, NAME, NOM, ISO2, ISO3, PHONE_CODE)
VALUES
  ('AUSTRIA', 'AUSTRIA', 'AUTRICHE', 'AT', 'AUT', '43');

INSERT INTO
  TBL_PAIS(NOMBRE, NAME, NOM, ISO2, ISO3, PHONE_CODE)
VALUES
  (
    'AZERBAYÁN',
    'AZERBAIJAN',
    'L''AZERBAÏDJAN',
    'AZ',
    'AZE',
    '994'
  );

INSERT INTO
  TBL_PAIS(NOMBRE, NAME, NOM, ISO2, ISO3, PHONE_CODE)
VALUES
  ('BÉLGICA', 'BELGIUM', 'BELGIQUE', 'BE', 'BEL', '32');

INSERT INTO
  TBL_PAIS(NOMBRE, NAME, NOM, ISO2, ISO3, PHONE_CODE)
VALUES
  ('BAHAMAS', 'BAHAMAS', 'BAHAMAS', 'BS', 'BHS', '1 242');

INSERT INTO
  TBL_PAIS(NOMBRE, NAME, NOM, ISO2, ISO3, PHONE_CODE)
VALUES
  ('BAHREIN', 'BAHRAIN', 'BAHREÏN', 'BH', 'BHR', '973');

INSERT INTO
  TBL_PAIS(NOMBRE, NAME, NOM, ISO2, ISO3, PHONE_CODE)
VALUES
  (
    'BANGLADESH',
    'BANGLADESH',
    'BANGLADESH',
    'BD',
    'BGD',
    '880'
  );

INSERT INTO
  TBL_PAIS(NOMBRE, NAME, NOM, ISO2, ISO3, PHONE_CODE)
VALUES
  (
    'BARBADOS',
    'BARBADOS',
    'BARBADE',
    'BB',
    'BRB',
    '1 246'
  );

INSERT INTO
  TBL_PAIS(NOMBRE, NAME, NOM, ISO2, ISO3, PHONE_CODE)
VALUES
  ('BELICE', 'BELIZE', 'BELIZE', 'BZ', 'BLZ', '501');

INSERT INTO
  TBL_PAIS(NOMBRE, NAME, NOM, ISO2, ISO3, PHONE_CODE)
VALUES
  ('BENÍN', 'BENIN', 'BÉNIN', 'BJ', 'BEN', '229');

INSERT INTO
  TBL_PAIS(NOMBRE, NAME, NOM, ISO2, ISO3, PHONE_CODE)
VALUES
  ('BHUTÁN', 'BHUTAN', 'LE BHOUTAN', 'BT', 'BTN', '975');

INSERT INTO
  TBL_PAIS(NOMBRE, NAME, NOM, ISO2, ISO3, PHONE_CODE)
VALUES
  (
    'BIELORRUSIA',
    'BELARUS',
    'BIÉLORUSSIE',
    'BY',
    'BLR',
    '375'
  );

INSERT INTO
  TBL_PAIS(NOMBRE, NAME, NOM, ISO2, ISO3, PHONE_CODE)
VALUES
  ('BIRMANIA', 'MYANMAR', 'MYANMAR', 'MM', 'MMR', '95');

INSERT INTO
  TBL_PAIS(NOMBRE, NAME, NOM, ISO2, ISO3, PHONE_CODE)
VALUES
  ('BOLIVIA', 'BOLIVIA', 'BOLIVIE', 'BO', 'BOL', '591');

INSERT INTO
  TBL_PAIS(NOMBRE, NAME, NOM, ISO2, ISO3, PHONE_CODE)
VALUES
  (
    'BOSNIA Y HERZEGOVINA',
    'BOSNIA AND HERZEGOVINA',
    'BOSNIE-HERZÉGOVINE',
    'BA',
    'BIH',
    '387'
  );

INSERT INTO
  TBL_PAIS(NOMBRE, NAME, NOM, ISO2, ISO3, PHONE_CODE)
VALUES
  (
    'BOTSUANA',
    'BOTSWANA',
    'BOTSWANA',
    'BW',
    'BWA',
    '267'
  );

INSERT INTO
  TBL_PAIS(NOMBRE, NAME, NOM, ISO2, ISO3, PHONE_CODE)
VALUES
  ('BRASIL', 'BRAZIL', 'BRÉSIL', 'BR', 'BRA', '55');

INSERT INTO
  TBL_PAIS(NOMBRE, NAME, NOM, ISO2, ISO3, PHONE_CODE)
VALUES
  ('BRUNÉI', 'BRUNEI', 'BRUNEI', 'BN', 'BRN', '673');

INSERT INTO
  TBL_PAIS(NOMBRE, NAME, NOM, ISO2, ISO3, PHONE_CODE)
VALUES
  (
    'BULGARIA',
    'BULGARIA',
    'BULGARIE',
    'BG',
    'BGR',
    '359'
  );

INSERT INTO
  TBL_PAIS(NOMBRE, NAME, NOM, ISO2, ISO3, PHONE_CODE)
VALUES
  (
    'BURKINA FASO',
    'BURKINA FASO',
    'BURKINA FASO',
    'BF',
    'BFA',
    '226'
  );

INSERT INTO
  TBL_PAIS(NOMBRE, NAME, NOM, ISO2, ISO3, PHONE_CODE)
VALUES
  ('BURUNDI', 'BURUNDI', 'BURUNDI', 'BI', 'BDI', '257');

INSERT INTO
  TBL_PAIS(NOMBRE, NAME, NOM, ISO2, ISO3, PHONE_CODE)
VALUES
  (
    'CABO VERDE',
    'CAPE VERDE',
    'CAP-VERT',
    'CV',
    'CPV',
    '238'
  );

INSERT INTO
  TBL_PAIS(NOMBRE, NAME, NOM, ISO2, ISO3, PHONE_CODE)
VALUES
  ('CAMBOYA', 'CAMBODIA', 'CAMBODGE', 'KH', 'KHM', '855');

INSERT INTO
  TBL_PAIS(NOMBRE, NAME, NOM, ISO2, ISO3, PHONE_CODE)
VALUES
  ('CAMERÚN', 'CAMEROON', 'CAMEROUN', 'CM', 'CMR', '237');

INSERT INTO
  TBL_PAIS(NOMBRE, NAME, NOM, ISO2, ISO3, PHONE_CODE)
VALUES
  ('CANADÁ', 'CANADA', 'CANADA', 'CA', 'CAN', '1');

INSERT INTO
  TBL_PAIS(NOMBRE, NAME, NOM, ISO2, ISO3, PHONE_CODE)
VALUES
  ('CHAD', 'CHAD', 'TCHAD', 'TD', 'TCD', '235');

INSERT INTO
  TBL_PAIS(NOMBRE, NAME, NOM, ISO2, ISO3, PHONE_CODE)
VALUES
  ('CHILE', 'CHILE', 'CHILI', 'CL', 'CHL', '56');

INSERT INTO
  TBL_PAIS(NOMBRE, NAME, NOM, ISO2, ISO3, PHONE_CODE)
VALUES
  ('CHINA', 'CHINA', 'CHINE', 'CN', 'CHN', '86');

INSERT INTO
  TBL_PAIS(NOMBRE, NAME, NOM, ISO2, ISO3, PHONE_CODE)
VALUES
  ('CHIPRE', 'CYPRUS', 'CHYPRE', 'CY', 'CYP', '357');

INSERT INTO
  TBL_PAIS(NOMBRE, NAME, NOM, ISO2, ISO3, PHONE_CODE)
VALUES
  (
    'CIUDAD DEL VATICANO',
    'VATICAN CITY STATE',
    'CITÉ DU VATICAN',
    'VA',
    'VAT',
    '39'
  );

INSERT INTO
  TBL_PAIS(NOMBRE, NAME, NOM, ISO2, ISO3, PHONE_CODE)
VALUES
  ('COLOMBIA', 'COLOMBIA', 'COLOMBIE', 'CO', 'COL', '57');

INSERT INTO
  TBL_PAIS(NOMBRE, NAME, NOM, ISO2, ISO3, PHONE_CODE)
VALUES
  ('COMORAS', 'COMOROS', 'COMORES', 'KM', 'COM', '269');

INSERT INTO
  TBL_PAIS(NOMBRE, NAME, NOM, ISO2, ISO3, PHONE_CODE)
VALUES
  ('CONGO', 'CONGO', 'CONGO', 'CG', 'COG', '242');

INSERT INTO
  TBL_PAIS(NOMBRE, NAME, NOM, ISO2, ISO3, PHONE_CODE)
VALUES
  ('CONGO', 'CONGO', 'CONGO', 'CD', 'COD', '243');

INSERT INTO
  TBL_PAIS(NOMBRE, NAME, NOM, ISO2, ISO3, PHONE_CODE)
VALUES
  (
    'COREA DEL NORTE',
    'NORTH KOREA',
    'CORÉE DU NORD',
    'KP',
    'PRK',
    '850'
  );

INSERT INTO
  TBL_PAIS(NOMBRE, NAME, NOM, ISO2, ISO3, PHONE_CODE)
VALUES
  (
    'COREA DEL SUR',
    'SOUTH KOREA',
    'CORÉE DU SUD',
    'KR',
    'KOR',
    '82'
  );

INSERT INTO
  TBL_PAIS(NOMBRE, NAME, NOM, ISO2, ISO3, PHONE_CODE)
VALUES
  (
    'COSTA DE MARFIL',
    'IVORY COAST',
    'CÔTE-D''IVOIRE',
    'CI',
    'CIV',
    '225'
  );

INSERT INTO
  TBL_PAIS(NOMBRE, NAME, NOM, ISO2, ISO3, PHONE_CODE)
VALUES
  (
    'COSTA RICA',
    'COSTA RICA',
    'COSTA RICA',
    'CR',
    'CRI',
    '506'
  );

INSERT INTO
  TBL_PAIS(NOMBRE, NAME, NOM, ISO2, ISO3, PHONE_CODE)
VALUES
  ('CROACIA', 'CROATIA', 'CROATIE', 'HR', 'HRV', '385');

INSERT INTO
  TBL_PAIS(NOMBRE, NAME, NOM, ISO2, ISO3, PHONE_CODE)
VALUES
  ('CUBA', 'CUBA', 'CUBA', 'CU', 'CUB', '53');

INSERT INTO
  TBL_PAIS(NOMBRE, NAME, NOM, ISO2, ISO3, PHONE_CODE)
VALUES
  ('DINAMARCA', 'DENMARK', 'DANEMARK', 'DK', 'DNK', '45');

INSERT INTO
  TBL_PAIS(NOMBRE, NAME, NOM, ISO2, ISO3, PHONE_CODE)
VALUES
  (
    'DOMINICA',
    'DOMINICA',
    'DOMINIQUE',
    'DM',
    'DMA',
    '1 767'
  );

INSERT INTO
  TBL_PAIS(NOMBRE, NAME, NOM, ISO2, ISO3, PHONE_CODE)
VALUES
  ('ECUADOR', 'ECUADOR', 'EQUATEUR', 'EC', 'ECU', '593');

INSERT INTO
  TBL_PAIS(NOMBRE, NAME, NOM, ISO2, ISO3, PHONE_CODE)
VALUES
  ('EGIPTO', 'EGYPT', 'EGYPTE', 'EG', 'EGY', '20');

INSERT INTO
  TBL_PAIS(NOMBRE, NAME, NOM, ISO2, ISO3, PHONE_CODE)
VALUES
  (
    'EL SALVADOR',
    'EL SALVADOR',
    'EL SALVADOR',
    'SV',
    'SLV',
    '503'
  );

INSERT INTO
  TBL_PAIS(NOMBRE, NAME, NOM, ISO2, ISO3, PHONE_CODE)
VALUES
  (
    'EMIRATOS ÁRABES UNIDOS',
    'UNITED ARAB EMIRATES',
    'EMIRATS ARABES UNIS',
    'AE',
    'ARE',
    '971'
  );

INSERT INTO
  TBL_PAIS(NOMBRE, NAME, NOM, ISO2, ISO3, PHONE_CODE)
VALUES
  ('ERITREA', 'ERITREA', 'ERYTHRÉE', 'ER', 'ERI', '291');

INSERT INTO
  TBL_PAIS(NOMBRE, NAME, NOM, ISO2, ISO3, PHONE_CODE)
VALUES
  (
    'ESLOVAQUIA',
    'SLOVAKIA',
    'SLOVAQUIE',
    'SK',
    'SVK',
    '421'
  );

INSERT INTO
  TBL_PAIS(NOMBRE, NAME, NOM, ISO2, ISO3, PHONE_CODE)
VALUES
  (
    'ESLOVENIA',
    'SLOVENIA',
    'SLOVÉNIE',
    'SI',
    'SVN',
    '386'
  );

INSERT INTO
  TBL_PAIS(NOMBRE, NAME, NOM, ISO2, ISO3, PHONE_CODE)
VALUES
  ('ESPAÑA', 'SPAIN', 'ESPAGNE', 'ES', 'ESP', '34');

INSERT INTO
  TBL_PAIS(NOMBRE, NAME, NOM, ISO2, ISO3, PHONE_CODE)
VALUES
  (
    'ESTADOS UNIDOS DE AMÉRICA',
    'UNITED STATES OF AMERICA',
    'ÉTATS-UNIS D''AMÉRIQUE',
    'US',
    'USA',
    '1'
  );

INSERT INTO
  TBL_PAIS(NOMBRE, NAME, NOM, ISO2, ISO3, PHONE_CODE)
VALUES
  (
    'ESTONIA',
    'ESTONIA',
    'L''ESTONIE',
    'EE',
    'EST',
    '372'
  );

INSERT INTO
  TBL_PAIS(NOMBRE, NAME, NOM, ISO2, ISO3, PHONE_CODE)
VALUES
  ('ETIOPÍA', 'ETHIOPIA', 'ETHIOPIE', 'ET', 'ETH', '251');

INSERT INTO
  TBL_PAIS(NOMBRE, NAME, NOM, ISO2, ISO3, PHONE_CODE)
VALUES
  (
    'FILIPINAS',
    'PHILIPPINES',
    'PHILIPPINES',
    'PH',
    'PHL',
    '63'
  );

INSERT INTO
  TBL_PAIS(NOMBRE, NAME, NOM, ISO2, ISO3, PHONE_CODE)
VALUES
  (
    'FINLANDIA',
    'FINLAND',
    'FINLANDE',
    'FI',
    'FIN',
    '358'
  );

INSERT INTO
  TBL_PAIS(NOMBRE, NAME, NOM, ISO2, ISO3, PHONE_CODE)
VALUES
  ('FIYI', 'FIJI', 'FIDJI', 'FJ', 'FJI', '679');

INSERT INTO
  TBL_PAIS(NOMBRE, NAME, NOM, ISO2, ISO3, PHONE_CODE)
VALUES
  ('FRANCIA', 'FRANCE', 'FRANCE', 'FR', 'FRA', '33');

INSERT INTO
  TBL_PAIS(NOMBRE, NAME, NOM, ISO2, ISO3, PHONE_CODE)
VALUES
  ('GABÓN', 'GABON', 'GABON', 'GA', 'GAB', '241');

INSERT INTO
  TBL_PAIS(NOMBRE, NAME, NOM, ISO2, ISO3, PHONE_CODE)
VALUES
  ('GAMBIA', 'GAMBIA', 'GAMBIE', 'GM', 'GMB', '220');

INSERT INTO
  TBL_PAIS(NOMBRE, NAME, NOM, ISO2, ISO3, PHONE_CODE)
VALUES
  ('GEORGIA', 'GEORGIA', 'GÉORGIE', 'GE', 'GEO', '995');

INSERT INTO
  TBL_PAIS(NOMBRE, NAME, NOM, ISO2, ISO3, PHONE_CODE)
VALUES
  ('GHANA', 'GHANA', 'GHANA', 'GH', 'GHA', '233');

INSERT INTO
  TBL_PAIS(NOMBRE, NAME, NOM, ISO2, ISO3, PHONE_CODE)
VALUES
  (
    'GIBRALTAR',
    'GIBRALTAR',
    'GIBRALTAR',
    'GI',
    'GIB',
    '350'
  );

INSERT INTO
  TBL_PAIS(NOMBRE, NAME, NOM, ISO2, ISO3, PHONE_CODE)
VALUES
  ('GRANADA', 'GRENADA', 'GRENADE', 'GD', 'GRD', '1 473');

INSERT INTO
  TBL_PAIS(NOMBRE, NAME, NOM, ISO2, ISO3, PHONE_CODE)
VALUES
  ('GRECIA', 'GREECE', 'GRÈCE', 'GR', 'GRC', '30');

INSERT INTO
  TBL_PAIS(NOMBRE, NAME, NOM, ISO2, ISO3, PHONE_CODE)
VALUES
  (
    'GROENLANDIA',
    'GREENLAND',
    'GROENLAND',
    'GL',
    'GRL',
    '299'
  );

INSERT INTO
  TBL_PAIS(NOMBRE, NAME, NOM, ISO2, ISO3, PHONE_CODE)
VALUES
  (
    'GUADALUPE',
    'GUADELOUPE',
    'GUADELOUPE',
    'GP',
    'GLP',
    NULL
  );

INSERT INTO
  TBL_PAIS(NOMBRE, NAME, NOM, ISO2, ISO3, PHONE_CODE)
VALUES
  ('GUAM', 'GUAM', 'GUAM', 'GU', 'GUM', '1 671');

INSERT INTO
  TBL_PAIS(NOMBRE, NAME, NOM, ISO2, ISO3, PHONE_CODE)
VALUES
  (
    'GUATEMALA',
    'GUATEMALA',
    'GUATEMALA',
    'GT',
    'GTM',
    '502'
  );

INSERT INTO
  TBL_PAIS(NOMBRE, NAME, NOM, ISO2, ISO3, PHONE_CODE)
VALUES
  (
    'GUAYANA FRANCESA',
    'FRENCH GUIANA',
    'GUYANE FRANÇAISE',
    'GF',
    'GUF',
    NULL
  );

INSERT INTO
  TBL_PAIS(NOMBRE, NAME, NOM, ISO2, ISO3, PHONE_CODE)
VALUES
  (
    'GUERNSEY',
    'GUERNSEY',
    'GUERNESEY',
    'GG',
    'GGY',
    NULL
  );

INSERT INTO
  TBL_PAIS(NOMBRE, NAME, NOM, ISO2, ISO3, PHONE_CODE)
VALUES
  ('GUINEA', 'GUINEA', 'GUINÉE', 'GN', 'GIN', '224');

INSERT INTO
  TBL_PAIS(NOMBRE, NAME, NOM, ISO2, ISO3, PHONE_CODE)
VALUES
  (
    'GUINEA ECUATORIAL',
    'EQUATORIAL GUINEA',
    'GUINÉE EQUATORIALE',
    'GQ',
    'GNQ',
    '240'
  );

INSERT INTO
  TBL_PAIS(NOMBRE, NAME, NOM, ISO2, ISO3, PHONE_CODE)
VALUES
  (
    'GUINEA-BISSAU',
    'GUINEA-BISSAU',
    'GUINÉE-BISSAU',
    'GW',
    'GNB',
    '245'
  );

INSERT INTO
  TBL_PAIS(NOMBRE, NAME, NOM, ISO2, ISO3, PHONE_CODE)
VALUES
  ('GUYANA', 'GUYANA', 'GUYANE', 'GY', 'GUY', '592');

INSERT INTO
  TBL_PAIS(NOMBRE, NAME, NOM, ISO2, ISO3, PHONE_CODE)
VALUES
  ('HAITÍ', 'HAITI', 'HAÏTI', 'HT', 'HTI', '509');

INSERT INTO
  TBL_PAIS(NOMBRE, NAME, NOM, ISO2, ISO3, PHONE_CODE)
VALUES
  (
    'HONDURAS',
    'HONDURAS',
    'HONDURAS',
    'HN',
    'HND',
    '504'
  );

INSERT INTO
  TBL_PAIS(NOMBRE, NAME, NOM, ISO2, ISO3, PHONE_CODE)
VALUES
  (
    'HONG KONG',
    'HONG KONG',
    'HONG KONG',
    'HK',
    'HKG',
    '852'
  );

INSERT INTO
  TBL_PAIS(NOMBRE, NAME, NOM, ISO2, ISO3, PHONE_CODE)
VALUES
  ('HUNGRÍA', 'HUNGARY', 'HONGRIE', 'HU', 'HUN', '36');

INSERT INTO
  TBL_PAIS(NOMBRE, NAME, NOM, ISO2, ISO3, PHONE_CODE)
VALUES
  ('INDIA', 'INDIA', 'INDE', 'IN', 'IND', '91');

INSERT INTO
  TBL_PAIS(NOMBRE, NAME, NOM, ISO2, ISO3, PHONE_CODE)
VALUES
  (
    'INDONESIA',
    'INDONESIA',
    'INDONÉSIE',
    'ID',
    'IDN',
    '62'
  );

INSERT INTO
  TBL_PAIS(NOMBRE, NAME, NOM, ISO2, ISO3, PHONE_CODE)
VALUES
  ('IRÁN', 'IRAN', 'IRAN', 'IR', 'IRN', '98');

INSERT INTO
  TBL_PAIS(NOMBRE, NAME, NOM, ISO2, ISO3, PHONE_CODE)
VALUES
  ('IRAK', 'IRAQ', 'IRAK', 'IQ', 'IRQ', '964');

INSERT INTO
  TBL_PAIS(NOMBRE, NAME, NOM, ISO2, ISO3, PHONE_CODE)
VALUES
  ('IRLANDA', 'IRELAND', 'IRLANDE', 'IE', 'IRL', '353');

INSERT INTO
  TBL_PAIS(NOMBRE, NAME, NOM, ISO2, ISO3, PHONE_CODE)
VALUES
  (
    'ISLA BOUVET',
    'BOUVET ISLAND',
    'BOUVET ISLAND',
    'BV',
    'BVT',
    NULL
  );

INSERT INTO
  TBL_PAIS(NOMBRE, NAME, NOM, ISO2, ISO3, PHONE_CODE)
VALUES
  (
    'ISLA DE MAN',
    'ISLE OF MAN',
    'ILE DE MAN',
    'IM',
    'IMN',
    '44'
  );

INSERT INTO
  TBL_PAIS(NOMBRE, NAME, NOM, ISO2, ISO3, PHONE_CODE)
VALUES
  (
    'ISLA DE NAVIDAD',
    'CHRISTMAS ISLAND',
    'CHRISTMAS ISLAND',
    'CX',
    'CXR',
    '61'
  );

INSERT INTO
  TBL_PAIS(NOMBRE, NAME, NOM, ISO2, ISO3, PHONE_CODE)
VALUES
  (
    'ISLA NORFOLK',
    'NORFOLK ISLAND',
    'ÎLE DE NORFOLK',
    'NF',
    'NFK',
    NULL
  );

INSERT INTO
  TBL_PAIS(NOMBRE, NAME, NOM, ISO2, ISO3, PHONE_CODE)
VALUES
  ('ISLANDIA', 'ICELAND', 'ISLANDE', 'IS', 'ISL', '354');

INSERT INTO
  TBL_PAIS(NOMBRE, NAME, NOM, ISO2, ISO3, PHONE_CODE)
VALUES
  (
    'ISLAS BERMUDAS',
    'BERMUDA ISLANDS',
    'BERMUDES',
    'BM',
    'BMU',
    '1 441'
  );

INSERT INTO
  TBL_PAIS(NOMBRE, NAME, NOM, ISO2, ISO3, PHONE_CODE)
VALUES
  (
    'ISLAS CAIMÁN',
    'CAYMAN ISLANDS',
    'ILES CAÏMANS',
    'KY',
    'CYM',
    '1 345'
  );

INSERT INTO
  TBL_PAIS(NOMBRE, NAME, NOM, ISO2, ISO3, PHONE_CODE)
VALUES
  (
    'ISLAS COCOS (KEELING)',
    'COCOS (KEELING) ISLANDS',
    'COCOS (KEELING',
    'CC',
    'CCK',
    '61'
  );

INSERT INTO
  TBL_PAIS(NOMBRE, NAME, NOM, ISO2, ISO3, PHONE_CODE)
VALUES
  (
    'ISLAS COOK',
    'COOK ISLANDS',
    'ILES COOK',
    'CK',
    'COK',
    '682'
  );

INSERT INTO
  TBL_PAIS(NOMBRE, NAME, NOM, ISO2, ISO3, PHONE_CODE)
VALUES
  (
    'ISLAS DE ÅLAND',
    'ÅLAND ISLANDS',
    'ÎLES ÅLAND',
    'AX',
    'ALA',
    NULL
  );

INSERT INTO
  TBL_PAIS(NOMBRE, NAME, NOM, ISO2, ISO3, PHONE_CODE)
VALUES
  (
    'ISLAS FEROE',
    'FAROE ISLANDS',
    'ILES FÉRO',
    'FO',
    'FRO',
    '298'
  );

INSERT INTO
  TBL_PAIS(NOMBRE, NAME, NOM, ISO2, ISO3, PHONE_CODE)
VALUES
  (
    'ISLAS GEORGIAS DEL SUR Y SANDWICH DEL SUR',
    'SOUTH GEORGIA AND THE SOUTH SANDWICH ISLANDS',
    'GÉORGIE DU SUD ET LES ÎLES SANDWICH DU SUD',
    'GS',
    'SGS',
    NULL
  );

INSERT INTO
  TBL_PAIS(NOMBRE, NAME, NOM, ISO2, ISO3, PHONE_CODE)
VALUES
  (
    'ISLAS HEARD Y MCDONALD',
    'HEARD ISLAND AND MCDONALD ISLANDS',
    'LES ÎLES HEARD ET MCDONALD',
    'HM',
    'HMD',
    NULL
  );

INSERT INTO
  TBL_PAIS(NOMBRE, NAME, NOM, ISO2, ISO3, PHONE_CODE)
VALUES
  (
    'ISLAS MALDIVAS',
    'MALDIVES',
    'MALDIVES',
    'MV',
    'MDV',
    '960'
  );

INSERT INTO
  TBL_PAIS(NOMBRE, NAME, NOM, ISO2, ISO3, PHONE_CODE)
VALUES
  (
    'ISLAS MALVINAS',
    'FALKLAND ISLANDS (MALVINAS)',
    'ILES FALKLAND (MALVINAS',
    'FK',
    'FLK',
    '500'
  );

INSERT INTO
  TBL_PAIS(NOMBRE, NAME, NOM, ISO2, ISO3, PHONE_CODE)
VALUES
  (
    'ISLAS MARIANAS DEL NORTE',
    'NORTHERN MARIANA ISLANDS',
    'ILES MARIANNES DU NORD',
    'MP',
    'MNP',
    '1 670'
  );

INSERT INTO
  TBL_PAIS(NOMBRE, NAME, NOM, ISO2, ISO3, PHONE_CODE)
VALUES
  (
    'ISLAS MARSHALL',
    'MARSHALL ISLANDS',
    'ILES MARSHALL',
    'MH',
    'MHL',
    '692'
  );

INSERT INTO
  TBL_PAIS(NOMBRE, NAME, NOM, ISO2, ISO3, PHONE_CODE)
VALUES
  (
    'ISLAS PITCAIRN',
    'PITCAIRN ISLANDS',
    'ILES PITCAIRN',
    'PN',
    'PCN',
    '870'
  );

INSERT INTO
  TBL_PAIS(NOMBRE, NAME, NOM, ISO2, ISO3, PHONE_CODE)
VALUES
  (
    'ISLAS SALOMÓN',
    'SOLOMON ISLANDS',
    'ILES SALOMON',
    'SB',
    'SLB',
    '677'
  );

INSERT INTO
  TBL_PAIS(NOMBRE, NAME, NOM, ISO2, ISO3, PHONE_CODE)
VALUES
  (
    'ISLAS TURCAS Y CAICOS',
    'TURKS AND CAICOS ISLANDS',
    'ILES TURQUES ET CAÏQUES',
    'TC',
    'TCA',
    '1 649'
  );

INSERT INTO
  TBL_PAIS(NOMBRE, NAME, NOM, ISO2, ISO3, PHONE_CODE)
VALUES
  (
    'ISLAS ULTRAMARINAS MENORES DE ESTADOS UNIDOS',
    'UNITED STATES MINOR OUTLYING ISLANDS',
    'ÉTATS-UNIS ÎLES MINEURES ÉLOIGNÉES',
    'UM',
    'UMI',
    NULL
  );

INSERT INTO
  TBL_PAIS(NOMBRE, NAME, NOM, ISO2, ISO3, PHONE_CODE)
VALUES
  (
    'ISLAS VÍRGENES BRITÁNICAS',
    'VIRGIN ISLANDS',
    'ILES VIERGES',
    'VG',
    'VG',
    '1 284'
  );

INSERT INTO
  TBL_PAIS(NOMBRE, NAME, NOM, ISO2, ISO3, PHONE_CODE)
VALUES
  (
    'ISLAS VÍRGENES DE LOS ESTADOS UNIDOS',
    'UNITED STATES VIRGIN ISLANDS',
    'ÎLES VIERGES AMÉRICAINES',
    'VI',
    'VIR',
    '1 340'
  );

INSERT INTO
  TBL_PAIS(NOMBRE, NAME, NOM, ISO2, ISO3, PHONE_CODE)
VALUES
  ('ISRAEL', 'ISRAEL', 'ISRAËL', 'IL', 'ISR', '972');

INSERT INTO
  TBL_PAIS(NOMBRE, NAME, NOM, ISO2, ISO3, PHONE_CODE)
VALUES
  ('ITALIA', 'ITALY', 'ITALIE', 'IT', 'ITA', '39');

INSERT INTO
  TBL_PAIS(NOMBRE, NAME, NOM, ISO2, ISO3, PHONE_CODE)
VALUES
  (
    'JAMAICA',
    'JAMAICA',
    'JAMAÏQUE',
    'JM',
    'JAM',
    '1 876'
  );

INSERT INTO
  TBL_PAIS(NOMBRE, NAME, NOM, ISO2, ISO3, PHONE_CODE)
VALUES
  ('JAPÓN', 'JAPAN', 'JAPON', 'JP', 'JPN', '81');

INSERT INTO
  TBL_PAIS(NOMBRE, NAME, NOM, ISO2, ISO3, PHONE_CODE)
VALUES
  ('JERSEY', 'JERSEY', 'MAILLOT', 'JE', 'JEY', NULL);

INSERT INTO
  TBL_PAIS(NOMBRE, NAME, NOM, ISO2, ISO3, PHONE_CODE)
VALUES
  ('JORDANIA', 'JORDAN', 'JORDAN', 'JO', 'JOR', '962');

INSERT INTO
  TBL_PAIS(NOMBRE, NAME, NOM, ISO2, ISO3, PHONE_CODE)
VALUES
  (
    'KAZAJISTÁN',
    'KAZAKHSTAN',
    'LE KAZAKHSTAN',
    'KZ',
    'KAZ',
    '7'
  );

INSERT INTO
  TBL_PAIS(NOMBRE, NAME, NOM, ISO2, ISO3, PHONE_CODE)
VALUES
  ('KENIA', 'KENYA', 'KENYA', 'KE', 'KEN', '254');

INSERT INTO
  TBL_PAIS(NOMBRE, NAME, NOM, ISO2, ISO3, PHONE_CODE)
VALUES
  (
    'KIRGIZSTÁN',
    'KYRGYZSTAN',
    'KIRGHIZSTAN',
    'KG',
    'KGZ',
    '996'
  );

INSERT INTO
  TBL_PAIS(NOMBRE, NAME, NOM, ISO2, ISO3, PHONE_CODE)
VALUES
  (
    'KIRIBATI',
    'KIRIBATI',
    'KIRIBATI',
    'KI',
    'KIR',
    '686'
  );

INSERT INTO
  TBL_PAIS(NOMBRE, NAME, NOM, ISO2, ISO3, PHONE_CODE)
VALUES
  ('KUWAIT', 'KUWAIT', 'KOWEÏT', 'KW', 'KWT', '965');

INSERT INTO
  TBL_PAIS(NOMBRE, NAME, NOM, ISO2, ISO3, PHONE_CODE)
VALUES
  ('LÍBANO', 'LEBANON', 'LIBAN', 'LB', 'LBN', '961');

INSERT INTO
  TBL_PAIS(NOMBRE, NAME, NOM, ISO2, ISO3, PHONE_CODE)
VALUES
  ('LAOS', 'LAOS', 'LAOS', 'LA', 'LAO', '856');

INSERT INTO
  TBL_PAIS(NOMBRE, NAME, NOM, ISO2, ISO3, PHONE_CODE)
VALUES
  ('LESOTO', 'LESOTHO', 'LESOTHO', 'LS', 'LSO', '266');

INSERT INTO
  TBL_PAIS(NOMBRE, NAME, NOM, ISO2, ISO3, PHONE_CODE)
VALUES
  (
    'LETONIA',
    'LATVIA',
    'LA LETTONIE',
    'LV',
    'LVA',
    '371'
  );

INSERT INTO
  TBL_PAIS(NOMBRE, NAME, NOM, ISO2, ISO3, PHONE_CODE)
VALUES
  ('LIBERIA', 'LIBERIA', 'LIBERIA', 'LR', 'LBR', '231');

INSERT INTO
  TBL_PAIS(NOMBRE, NAME, NOM, ISO2, ISO3, PHONE_CODE)
VALUES
  ('LIBIA', 'LIBYA', 'LIBYE', 'LY', 'LBY', '218');

INSERT INTO
  TBL_PAIS(NOMBRE, NAME, NOM, ISO2, ISO3, PHONE_CODE)
VALUES
  (
    'LIECHTENSTEIN',
    'LIECHTENSTEIN',
    'LIECHTENSTEIN',
    'LI',
    'LIE',
    '423'
  );

INSERT INTO
  TBL_PAIS(NOMBRE, NAME, NOM, ISO2, ISO3, PHONE_CODE)
VALUES
  (
    'LITUANIA',
    'LITHUANIA',
    'LA LITUANIE',
    'LT',
    'LTU',
    '370'
  );

INSERT INTO
  TBL_PAIS(NOMBRE, NAME, NOM, ISO2, ISO3, PHONE_CODE)
VALUES
  (
    'LUXEMBURGO',
    'LUXEMBOURG',
    'LUXEMBOURG',
    'LU',
    'LUX',
    '352'
  );

INSERT INTO
  TBL_PAIS(NOMBRE, NAME, NOM, ISO2, ISO3, PHONE_CODE)
VALUES
  ('MÉXICO', 'MEXICO', 'MEXIQUE', 'MX', 'MEX', '52');

INSERT INTO
  TBL_PAIS(NOMBRE, NAME, NOM, ISO2, ISO3, PHONE_CODE)
VALUES
  ('MÓNACO', 'MONACO', 'MONACO', 'MC', 'MCO', '377');

INSERT INTO
  TBL_PAIS(NOMBRE, NAME, NOM, ISO2, ISO3, PHONE_CODE)
VALUES
  ('MACAO', 'MACAO', 'MACAO', 'MO', 'MAC', '853');

INSERT INTO
  TBL_PAIS(NOMBRE, NAME, NOM, ISO2, ISO3, PHONE_CODE)
VALUES
  (
    'MACEDÔNIA',
    'MACEDONIA',
    'MACÉDOINE',
    'MK',
    'MKD',
    '389'
  );

INSERT INTO
  TBL_PAIS(NOMBRE, NAME, NOM, ISO2, ISO3, PHONE_CODE)
VALUES
  (
    'MADAGASCAR',
    'MADAGASCAR',
    'MADAGASCAR',
    'MG',
    'MDG',
    '261'
  );

INSERT INTO
  TBL_PAIS(NOMBRE, NAME, NOM, ISO2, ISO3, PHONE_CODE)
VALUES
  ('MALASIA', 'MALAYSIA', 'MALAISIE', 'MY', 'MYS', '60');

INSERT INTO
  TBL_PAIS(NOMBRE, NAME, NOM, ISO2, ISO3, PHONE_CODE)
VALUES
  ('MALAWI', 'MALAWI', 'MALAWI', 'MW', 'MWI', '265');

INSERT INTO
  TBL_PAIS(NOMBRE, NAME, NOM, ISO2, ISO3, PHONE_CODE)
VALUES
  ('MALI', 'MALI', 'MALI', 'ML', 'MLI', '223');

INSERT INTO
  TBL_PAIS(NOMBRE, NAME, NOM, ISO2, ISO3, PHONE_CODE)
VALUES
  ('MALTA', 'MALTA', 'MALTE', 'MT', 'MLT', '356');

INSERT INTO
  TBL_PAIS(NOMBRE, NAME, NOM, ISO2, ISO3, PHONE_CODE)
VALUES
  ('MARRUECOS', 'MOROCCO', 'MAROC', 'MA', 'MAR', '212');

INSERT INTO
  TBL_PAIS(NOMBRE, NAME, NOM, ISO2, ISO3, PHONE_CODE)
VALUES
  (
    'MARTINICA',
    'MARTINIQUE',
    'MARTINIQUE',
    'MQ',
    'MTQ',
    NULL
  );

INSERT INTO
  TBL_PAIS(NOMBRE, NAME, NOM, ISO2, ISO3, PHONE_CODE)
VALUES
  (
    'MAURICIO',
    'MAURITIUS',
    'ILES MAURICE',
    'MU',
    'MUS',
    '230'
  );

INSERT INTO
  TBL_PAIS(NOMBRE, NAME, NOM, ISO2, ISO3, PHONE_CODE)
VALUES
  (
    'MAURITANIA',
    'MAURITANIA',
    'MAURITANIE',
    'MR',
    'MRT',
    '222'
  );

INSERT INTO
  TBL_PAIS(NOMBRE, NAME, NOM, ISO2, ISO3, PHONE_CODE)
VALUES
  ('MAYOTTE', 'MAYOTTE', 'MAYOTTE', 'YT', 'MYT', '262');

INSERT INTO
  TBL_PAIS(NOMBRE, NAME, NOM, ISO2, ISO3, PHONE_CODE)
VALUES
  (
    'MICRONESIA',
    'ESTADOS FEDERADOS DE',
    'FEDERADOS ESTADOS DE',
    'FM',
    'FSM',
    '691'
  );

INSERT INTO
  TBL_PAIS(NOMBRE, NAME, NOM, ISO2, ISO3, PHONE_CODE)
VALUES
  ('MOLDAVIA', 'MOLDOVA', 'MOLDAVIE', 'MD', 'MDA', '373');

INSERT INTO
  TBL_PAIS(NOMBRE, NAME, NOM, ISO2, ISO3, PHONE_CODE)
VALUES
  (
    'MONGOLIA',
    'MONGOLIA',
    'MONGOLIE',
    'MN',
    'MNG',
    '976'
  );

INSERT INTO
  TBL_PAIS(NOMBRE, NAME, NOM, ISO2, ISO3, PHONE_CODE)
VALUES
  (
    'MONTENEGRO',
    'MONTENEGRO',
    'MONTÉNÉGRO',
    'ME',
    'MNE',
    '382'
  );

INSERT INTO
  TBL_PAIS(NOMBRE, NAME, NOM, ISO2, ISO3, PHONE_CODE)
VALUES
  (
    'MONTSERRAT',
    'MONTSERRAT',
    'MONTSERRAT',
    'MS',
    'MSR',
    '1 664'
  );

INSERT INTO
  TBL_PAIS(NOMBRE, NAME, NOM, ISO2, ISO3, PHONE_CODE)
VALUES
  (
    'MOZAMBIQUE',
    'MOZAMBIQUE',
    'MOZAMBIQUE',
    'MZ',
    'MOZ',
    '258'
  );

INSERT INTO
  TBL_PAIS(NOMBRE, NAME, NOM, ISO2, ISO3, PHONE_CODE)
VALUES
  ('NAMIBIA', 'NAMIBIA', 'NAMIBIE', 'NA', 'NAM', '264');

INSERT INTO
  TBL_PAIS(NOMBRE, NAME, NOM, ISO2, ISO3, PHONE_CODE)
VALUES
  ('NAURU', 'NAURU', 'NAURU', 'NR', 'NRU', '674');

INSERT INTO
  TBL_PAIS(NOMBRE, NAME, NOM, ISO2, ISO3, PHONE_CODE)
VALUES
  ('NEPAL', 'NEPAL', 'NÉPAL', 'NP', 'NPL', '977');

INSERT INTO
  TBL_PAIS(NOMBRE, NAME, NOM, ISO2, ISO3, PHONE_CODE)
VALUES
  (
    'NICARAGUA',
    'NICARAGUA',
    'NICARAGUA',
    'NI',
    'NIC',
    '505'
  );

INSERT INTO
  TBL_PAIS(NOMBRE, NAME, NOM, ISO2, ISO3, PHONE_CODE)
VALUES
  ('NIGER', 'NIGER', 'NIGER', 'NE', 'NER', '227');

INSERT INTO
  TBL_PAIS(NOMBRE, NAME, NOM, ISO2, ISO3, PHONE_CODE)
VALUES
  ('NIGERIA', 'NIGERIA', 'NIGERIA', 'NG', 'NGA', '234');

INSERT INTO
  TBL_PAIS(NOMBRE, NAME, NOM, ISO2, ISO3, PHONE_CODE)
VALUES
  ('NIUE', 'NIUE', 'NIOU', 'NU', 'NIU', '683');

INSERT INTO
  TBL_PAIS(NOMBRE, NAME, NOM, ISO2, ISO3, PHONE_CODE)
VALUES
  ('NORUEGA', 'NORWAY', 'NORVÈGE', 'NO', 'NOR', '47');

INSERT INTO
  TBL_PAIS(NOMBRE, NAME, NOM, ISO2, ISO3, PHONE_CODE)
VALUES
  (
    'NUEVA CALEDONIA',
    'NEW CALEDONIA',
    'NOUVELLE-CALÉDONIE',
    'NC',
    'NCL',
    '687'
  );

INSERT INTO
  TBL_PAIS(NOMBRE, NAME, NOM, ISO2, ISO3, PHONE_CODE)
VALUES
  (
    'NUEVA ZELANDA',
    'NEW ZEALAND',
    'NOUVELLE-ZÉLANDE',
    'NZ',
    'NZL',
    '64'
  );

INSERT INTO
  TBL_PAIS(NOMBRE, NAME, NOM, ISO2, ISO3, PHONE_CODE)
VALUES
  ('OMÁN', 'OMAN', 'OMAN', 'OM', 'OMN', '968');

INSERT INTO
  TBL_PAIS(NOMBRE, NAME, NOM, ISO2, ISO3, PHONE_CODE)
VALUES
  (
    'PAÍSES BAJOS',
    'NETHERLANDS',
    'PAYS-BAS',
    'NL',
    'NLD',
    '31'
  );

INSERT INTO
  TBL_PAIS(NOMBRE, NAME, NOM, ISO2, ISO3, PHONE_CODE)
VALUES
  ('PAKISTÁN', 'PAKISTAN', 'PAKISTAN', 'PK', 'PAK', '92');

INSERT INTO
  TBL_PAIS(NOMBRE, NAME, NOM, ISO2, ISO3, PHONE_CODE)
VALUES
  ('PALAU', 'PALAU', 'PALAU', 'PW', 'PLW', '680');

INSERT INTO
  TBL_PAIS(NOMBRE, NAME, NOM, ISO2, ISO3, PHONE_CODE)
VALUES
  (
    'PALESTINA',
    'PALESTINE',
    'LA PALESTINE',
    'PS',
    'PSE',
    NULL
  );

INSERT INTO
  TBL_PAIS(NOMBRE, NAME, NOM, ISO2, ISO3, PHONE_CODE)
VALUES
  ('PANAMÁ', 'PANAMA', 'PANAMA', 'PA', 'PAN', '507');

INSERT INTO
  TBL_PAIS(NOMBRE, NAME, NOM, ISO2, ISO3, PHONE_CODE)
VALUES
  (
    'PAPÚA NUEVA GUINEA',
    'PAPUA NEW GUINEA',
    'PAPOUASIE-NOUVELLE-GUINÉE',
    'PG',
    'PNG',
    '675'
  );

INSERT INTO
  TBL_PAIS(NOMBRE, NAME, NOM, ISO2, ISO3, PHONE_CODE)
VALUES
  (
    'PARAGUAY',
    'PARAGUAY',
    'PARAGUAY',
    'PY',
    'PRY',
    '595'
  );

INSERT INTO
  TBL_PAIS(NOMBRE, NAME, NOM, ISO2, ISO3, PHONE_CODE)
VALUES
  ('PERÚ', 'PERU', 'PÉROU', 'PE', 'PER', '51');

INSERT INTO
  TBL_PAIS(NOMBRE, NAME, NOM, ISO2, ISO3, PHONE_CODE)
VALUES
  (
    'POLINESIA FRANCESA',
    'FRENCH POLYNESIA',
    'POLYNÉSIE FRANÇAISE',
    'PF',
    'PYF',
    '689'
  );

INSERT INTO
  TBL_PAIS(NOMBRE, NAME, NOM, ISO2, ISO3, PHONE_CODE)
VALUES
  ('POLONIA', 'POLAND', 'POLOGNE', 'PL', 'POL', '48');

INSERT INTO
  TBL_PAIS(NOMBRE, NAME, NOM, ISO2, ISO3, PHONE_CODE)
VALUES
  (
    'PORTUGAL',
    'PORTUGAL',
    'PORTUGAL',
    'PT',
    'PRT',
    '351'
  );

INSERT INTO
  TBL_PAIS(NOMBRE, NAME, NOM, ISO2, ISO3, PHONE_CODE)
VALUES
  (
    'PUERTO RICO',
    'PUERTO RICO',
    'PORTO RICO',
    'PR',
    'PRI',
    '1'
  );

INSERT INTO
  TBL_PAIS(NOMBRE, NAME, NOM, ISO2, ISO3, PHONE_CODE)
VALUES
  ('QATAR', 'QATAR', 'QATAR', 'QA', 'QAT', '974');

INSERT INTO
  TBL_PAIS(NOMBRE, NAME, NOM, ISO2, ISO3, PHONE_CODE)
VALUES
  (
    'REINO UNIDO',
    'UNITED KINGDOM',
    'ROYAUME-UNI',
    'GB',
    'GBR',
    '44'
  );

INSERT INTO
  TBL_PAIS(NOMBRE, NAME, NOM, ISO2, ISO3, PHONE_CODE)
VALUES
  (
    'REPÚBLICA CENTROAFRICANA',
    'CENTRAL AFRICAN REPUBLIC',
    'RÉPUBLIQUE CENTRAFRICAINE',
    'CF',
    'CAF',
    '236'
  );

INSERT INTO
  TBL_PAIS(NOMBRE, NAME, NOM, ISO2, ISO3, PHONE_CODE)
VALUES
  (
    'REPÚBLICA CHECA',
    'CZECH REPUBLIC',
    'RÉPUBLIQUE TCHÈQUE',
    'CZ',
    'CZE',
    '420'
  );

INSERT INTO
  TBL_PAIS(NOMBRE, NAME, NOM, ISO2, ISO3, PHONE_CODE)
VALUES
  (
    'REPÚBLICA DOMINICANA',
    'DOMINICAN REPUBLIC',
    'RÉPUBLIQUE DOMINICAINE',
    'DO',
    'DOM',
    '1 809'
  );

INSERT INTO
  TBL_PAIS(NOMBRE, NAME, NOM, ISO2, ISO3, PHONE_CODE)
VALUES
  ('REUNIÓN', 'RÉUNION', 'RÉUNION', 'RE', 'REU', NULL);

INSERT INTO
  TBL_PAIS(NOMBRE, NAME, NOM, ISO2, ISO3, PHONE_CODE)
VALUES
  ('RUANDA', 'RWANDA', 'RWANDA', 'RW', 'RWA', '250');

INSERT INTO
  TBL_PAIS(NOMBRE, NAME, NOM, ISO2, ISO3, PHONE_CODE)
VALUES
  ('RUMANÍA', 'ROMANIA', 'ROUMANIE', 'RO', 'ROU', '40');

INSERT INTO
  TBL_PAIS(NOMBRE, NAME, NOM, ISO2, ISO3, PHONE_CODE)
VALUES
  ('RUSIA', 'RUSSIA', 'LA RUSSIE', 'RU', 'RUS', '7');

INSERT INTO
  TBL_PAIS(NOMBRE, NAME, NOM, ISO2, ISO3, PHONE_CODE)
VALUES
  (
    'SAHARA OCCIDENTAL',
    'WESTERN SAHARA',
    'SAHARA OCCIDENTAL',
    'EH',
    'ESH',
    NULL
  );

INSERT INTO
  TBL_PAIS(NOMBRE, NAME, NOM, ISO2, ISO3, PHONE_CODE)
VALUES
  ('SAMOA', 'SAMOA', 'SAMOA', 'WS', 'WSM', '685');

INSERT INTO
  TBL_PAIS(NOMBRE, NAME, NOM, ISO2, ISO3, PHONE_CODE)
VALUES
  (
    'SAMOA AMERICANA',
    'AMERICAN SAMOA',
    'LES SAMOA AMÉRICAINES',
    'AS',
    'ASM',
    '1 684'
  );

INSERT INTO
  TBL_PAIS(NOMBRE, NAME, NOM, ISO2, ISO3, PHONE_CODE)
VALUES
  (
    'SAN BARTOLOMÉ',
    'SAINT BARTHÉLEMY',
    'SAINT-BARTHÉLEMY',
    'BL',
    'BLM',
    '590'
  );

INSERT INTO
  TBL_PAIS(NOMBRE, NAME, NOM, ISO2, ISO3, PHONE_CODE)
VALUES
  (
    'SAN CRISTÓBAL Y NIEVES',
    'SAINT KITTS AND NEVIS',
    'SAINT KITTS ET NEVIS',
    'KN',
    'KNA',
    '1 869'
  );

INSERT INTO
  TBL_PAIS(NOMBRE, NAME, NOM, ISO2, ISO3, PHONE_CODE)
VALUES
  (
    'SAN MARINO',
    'SAN MARINO',
    'SAN MARINO',
    'SM',
    'SMR',
    '378'
  );

INSERT INTO
  TBL_PAIS(NOMBRE, NAME, NOM, ISO2, ISO3, PHONE_CODE)
VALUES
  (
    'SAN MARTÍN (FRANCIA)',
    'SAINT MARTIN (FRENCH PART)',
    'SAINT-MARTIN (PARTIE FRANÇAISE)',
    'MF',
    'MAF',
    '1 599'
  );

INSERT INTO
  TBL_PAIS(NOMBRE, NAME, NOM, ISO2, ISO3, PHONE_CODE)
VALUES
  (
    'SAN PEDRO Y MIQUELÓN',
    'SAINT PIERRE AND MIQUELON',
    'SAINT-PIERRE-ET-MIQUELON',
    'PM',
    'SPM',
    '508'
  );

INSERT INTO
  TBL_PAIS(NOMBRE, NAME, NOM, ISO2, ISO3, PHONE_CODE)
VALUES
  (
    'SAN VICENTE Y LAS GRANADINAS',
    'SAINT VINCENT AND THE GRENADINES',
    'SAINT-VINCENT ET GRENADINES',
    'VC',
    'VCT',
    '1 784'
  );

INSERT INTO
  TBL_PAIS(NOMBRE, NAME, NOM, ISO2, ISO3, PHONE_CODE)
VALUES
  (
    'SANTA ELENA',
    'ASCENSIÓN Y TRISTÁN DE ACUÑA',
    'ASCENSIÓN Y TRISTAN DE ACUÑA',
    'SH',
    'SHN',
    '290'
  );

INSERT INTO
  TBL_PAIS(NOMBRE, NAME, NOM, ISO2, ISO3, PHONE_CODE)
VALUES
  (
    'SANTA LUCÍA',
    'SAINT LUCIA',
    'SAINTE-LUCIE',
    'LC',
    'LCA',
    '1 758'
  );

INSERT INTO
  TBL_PAIS(NOMBRE, NAME, NOM, ISO2, ISO3, PHONE_CODE)
VALUES
  (
    'SANTO TOMÉ Y PRÍNCIPE',
    'SAO TOME AND PRINCIPE',
    'SAO TOMÉ ET PRINCIPE',
    'ST',
    'STP',
    '239'
  );

INSERT INTO
  TBL_PAIS(NOMBRE, NAME, NOM, ISO2, ISO3, PHONE_CODE)
VALUES
  ('SENEGAL', 'SENEGAL', 'SÉNÉGAL', 'SN', 'SEN', '221');

INSERT INTO
  TBL_PAIS(NOMBRE, NAME, NOM, ISO2, ISO3, PHONE_CODE)
VALUES
  ('SERBIA', 'SERBIA', 'SERBIE', 'RS', 'SRB', '381');

INSERT INTO
  TBL_PAIS(NOMBRE, NAME, NOM, ISO2, ISO3, PHONE_CODE)
VALUES
  (
    'SEYCHELLES',
    'SEYCHELLES',
    'LES SEYCHELLES',
    'SC',
    'SYC',
    '248'
  );

INSERT INTO
  TBL_PAIS(NOMBRE, NAME, NOM, ISO2, ISO3, PHONE_CODE)
VALUES
  (
    'SIERRA LEONA',
    'SIERRA LEONE',
    'SIERRA LEONE',
    'SL',
    'SLE',
    '232'
  );

INSERT INTO
  TBL_PAIS(NOMBRE, NAME, NOM, ISO2, ISO3, PHONE_CODE)
VALUES
  (
    'SINGAPUR',
    'SINGAPORE',
    'SINGAPOUR',
    'SG',
    'SGP',
    '65'
  );

INSERT INTO
  TBL_PAIS(NOMBRE, NAME, NOM, ISO2, ISO3, PHONE_CODE)
VALUES
  ('SIRIA', 'SYRIA', 'SYRIE', 'SY', 'SYR', '963');

INSERT INTO
  TBL_PAIS(NOMBRE, NAME, NOM, ISO2, ISO3, PHONE_CODE)
VALUES
  ('SOMALIA', 'SOMALIA', 'SOMALIE', 'SO', 'SOM', '252');

INSERT INTO
  TBL_PAIS(NOMBRE, NAME, NOM, ISO2, ISO3, PHONE_CODE)
VALUES
  (
    'SRI LANKA',
    'SRI LANKA',
    'SRI LANKA',
    'LK',
    'LKA',
    '94'
  );

INSERT INTO
  TBL_PAIS(NOMBRE, NAME, NOM, ISO2, ISO3, PHONE_CODE)
VALUES
  (
    'SUDÁFRICA',
    'SOUTH AFRICA',
    'AFRIQUE DU SUD',
    'ZA',
    'ZAF',
    '27'
  );

INSERT INTO
  TBL_PAIS(NOMBRE, NAME, NOM, ISO2, ISO3, PHONE_CODE)
VALUES
  ('SUDÁN', 'SUDAN', 'SOUDAN', 'SD', 'SDN', '249');

INSERT INTO
  TBL_PAIS(NOMBRE, NAME, NOM, ISO2, ISO3, PHONE_CODE)
VALUES
  ('SUECIA', 'SWEDEN', 'SUÈDE', 'SE', 'SWE', '46');

INSERT INTO
  TBL_PAIS(NOMBRE, NAME, NOM, ISO2, ISO3, PHONE_CODE)
VALUES
  ('SUIZA', 'SWITZERLAND', 'SUISSE', 'CH', 'CHE', '41');

INSERT INTO
  TBL_PAIS(NOMBRE, NAME, NOM, ISO2, ISO3, PHONE_CODE)
VALUES
  ('SURINÁM', 'SURINAME', 'SURINAM', 'SR', 'SUR', '597');

INSERT INTO
  TBL_PAIS(NOMBRE, NAME, NOM, ISO2, ISO3, PHONE_CODE)
VALUES
  (
    'SVALBARD Y JAN MAYEN',
    'SVALBARD AND JAN MAYEN',
    'SVALBARD ET JAN MAYEN',
    'SJ',
    'SJM',
    NULL
  );

INSERT INTO
  TBL_PAIS(NOMBRE, NAME, NOM, ISO2, ISO3, PHONE_CODE)
VALUES
  (
    'SWAZILANDIA',
    'SWAZILAND',
    'SWAZILAND',
    'SZ',
    'SWZ',
    '268'
  );

INSERT INTO
  TBL_PAIS(NOMBRE, NAME, NOM, ISO2, ISO3, PHONE_CODE)
VALUES
  (
    'TADJIKISTÁN',
    'TAJIKISTAN',
    'LE TADJIKISTAN',
    'TJ',
    'TJK',
    '992'
  );

INSERT INTO
  TBL_PAIS(NOMBRE, NAME, NOM, ISO2, ISO3, PHONE_CODE)
VALUES
  (
    'TAILANDIA',
    'THAILAND',
    'THAÏLANDE',
    'TH',
    'THA',
    '66'
  );

INSERT INTO
  TBL_PAIS(NOMBRE, NAME, NOM, ISO2, ISO3, PHONE_CODE)
VALUES
  ('TAIWÁN', 'TAIWAN', 'TAIWAN', 'TW', 'TWN', '886');

INSERT INTO
  TBL_PAIS(NOMBRE, NAME, NOM, ISO2, ISO3, PHONE_CODE)
VALUES
  (
    'TANZANIA',
    'TANZANIA',
    'TANZANIE',
    'TZ',
    'TZA',
    '255'
  );

INSERT INTO
  TBL_PAIS(NOMBRE, NAME, NOM, ISO2, ISO3, PHONE_CODE)
VALUES
  (
    'TERRITORIO BRITÁNICO DEL OCÉANO ÍNDICO',
    'BRITISH INDIAN OCEAN TERRITORY',
    'TERRITOIRE BRITANNIQUE DE L''OCÉAN INDIEN',
    'IO',
    'IOT',
    NULL
  );

INSERT INTO
  TBL_PAIS(NOMBRE, NAME, NOM, ISO2, ISO3, PHONE_CODE)
VALUES
  (
    'TERRITORIOS AUSTRALES Y ANTÁRTICAS FRANCESES',
    'FRENCH SOUTHERN TERRITORIES',
    'TERRES AUSTRALES FRANÇAISES',
    'TF',
    'ATF',
    NULL
  );

INSERT INTO
  TBL_PAIS(NOMBRE, NAME, NOM, ISO2, ISO3, PHONE_CODE)
VALUES
  (
    'TIMOR ORIENTAL',
    'EAST TIMOR',
    'TIMOR-ORIENTAL',
    'TL',
    'TLS',
    '670'
  );

INSERT INTO
  TBL_PAIS(NOMBRE, NAME, NOM, ISO2, ISO3, PHONE_CODE)
VALUES
  ('TOGO', 'TOGO', 'TOGO', 'TG', 'TGO', '228');

INSERT INTO
  TBL_PAIS(NOMBRE, NAME, NOM, ISO2, ISO3, PHONE_CODE)
VALUES
  ('TOKELAU', 'TOKELAU', 'TOKÉLAOU', 'TK', 'TKL', '690');

INSERT INTO
  TBL_PAIS(NOMBRE, NAME, NOM, ISO2, ISO3, PHONE_CODE)
VALUES
  ('TONGA', 'TONGA', 'TONGA', 'TO', 'TON', '676');

INSERT INTO
  TBL_PAIS(NOMBRE, NAME, NOM, ISO2, ISO3, PHONE_CODE)
VALUES
  (
    'TRINIDAD Y TOBAGO',
    'TRINIDAD AND TOBAGO',
    'TRINIDAD ET TOBAGO',
    'TT',
    'TTO',
    '1 868'
  );

INSERT INTO
  TBL_PAIS(NOMBRE, NAME, NOM, ISO2, ISO3, PHONE_CODE)
VALUES
  ('TUNEZ', 'TUNISIA', 'TUNISIE', 'TN', 'TUN', '216');

INSERT INTO
  TBL_PAIS(NOMBRE, NAME, NOM, ISO2, ISO3, PHONE_CODE)
VALUES
  (
    'TURKMENISTÁN',
    'TURKMENISTAN',
    'LE TURKMÉNISTAN',
    'TM',
    'TKM',
    '993'
  );

INSERT INTO
  TBL_PAIS(NOMBRE, NAME, NOM, ISO2, ISO3, PHONE_CODE)
VALUES
  ('TURQUÍA', 'TURKEY', 'TURQUIE', 'TR', 'TUR', '90');

INSERT INTO
  TBL_PAIS(NOMBRE, NAME, NOM, ISO2, ISO3, PHONE_CODE)
VALUES
  ('TUVALU', 'TUVALU', 'TUVALU', 'TV', 'TUV', '688');

INSERT INTO
  TBL_PAIS(NOMBRE, NAME, NOM, ISO2, ISO3, PHONE_CODE)
VALUES
  (
    'UCRANIA',
    'UKRAINE',
    'L''UKRAINE',
    'UA',
    'UKR',
    '380'
  );

INSERT INTO
  TBL_PAIS(NOMBRE, NAME, NOM, ISO2, ISO3, PHONE_CODE)
VALUES
  ('UGANDA', 'UGANDA', 'OUGANDA', 'UG', 'UGA', '256');

INSERT INTO
  TBL_PAIS(NOMBRE, NAME, NOM, ISO2, ISO3, PHONE_CODE)
VALUES
  ('URUGUAY', 'URUGUAY', 'URUGUAY', 'UY', 'URY', '598');

INSERT INTO
  TBL_PAIS(NOMBRE, NAME, NOM, ISO2, ISO3, PHONE_CODE)
VALUES
  (
    'UZBEKISTÁN',
    'UZBEKISTAN',
    'L''OUZBÉKISTAN',
    'UZ',
    'UZB',
    '998'
  );

INSERT INTO
  TBL_PAIS(NOMBRE, NAME, NOM, ISO2, ISO3, PHONE_CODE)
VALUES
  ('VANUATU', 'VANUATU', 'VANUATU', 'VU', 'VUT', '678');

INSERT INTO
  TBL_PAIS(NOMBRE, NAME, NOM, ISO2, ISO3, PHONE_CODE)
VALUES
  (
    'VENEZUELA',
    'VENEZUELA',
    'VENEZUELA',
    'VE',
    'VEN',
    '58'
  );

INSERT INTO
  TBL_PAIS(NOMBRE, NAME, NOM, ISO2, ISO3, PHONE_CODE)
VALUES
  ('VIETNAM', 'VIETNAM', 'VIETNAM', 'VN', 'VNM', '84');

INSERT INTO
  TBL_PAIS(NOMBRE, NAME, NOM, ISO2, ISO3, PHONE_CODE)
VALUES
  (
    'WALLIS Y FUTUNA',
    'WALLIS AND FUTUNA',
    'WALLIS ET FUTUNA',
    'WF',
    'WLF',
    '681'
  );

INSERT INTO
  TBL_PAIS(NOMBRE, NAME, NOM, ISO2, ISO3, PHONE_CODE)
VALUES
  ('YEMEN', 'YEMEN', 'YÉMEN', 'YE', 'YEM', '967');

INSERT INTO
  TBL_PAIS(NOMBRE, NAME, NOM, ISO2, ISO3, PHONE_CODE)
VALUES
  ('YIBUTI', 'DJIBOUTI', 'DJIBOUTI', 'DJ', 'DJI', '253');

INSERT INTO
  TBL_PAIS(NOMBRE, NAME, NOM, ISO2, ISO3, PHONE_CODE)
VALUES
  ('ZAMBIA', 'ZAMBIA', 'ZAMBIE', 'ZM', 'ZMB', '260');

INSERT INTO
  TBL_PAIS(NOMBRE, NAME, NOM, ISO2, ISO3, PHONE_CODE)
VALUES
  (
    'ZIMBABUE',
    'ZIMBABWE',
    'ZIMBABWE',
    'ZW',
    'ZWE',
    '263'
  );

## CREACION DE TABLA de ods DROP TABLE TBL_ODS
CREATE TABLE TBL_ODS(
  ID INT(11) NOT NULL AUTO_INCREMENT,
  Objetivo VARCHAR(80),
  Nombre VARCHAR(80),
  Descripción VARCHAR(200),
  PRIMARY KEY (ID)
);

INSERT INTO
  TBL_ODS(Objetivo, Nombre, Descripción)
VALUES
(
    '1',
    'Fin de la pobreza',
    'Para lograr este Objetivo de acabar con la pobreza, el crecimiento económico debe ser inclusivo, con el fin de crear empleos sostenibles y de promover la igualdad.'
  );

INSERT INTO
  TBL_ODS(Objetivo, Nombre, Descripción)
VALUES
(
    '2',
    'Hambre cero',
    'El sector alimentario y el sector agrícola ofrecen soluciones claves para el desarrollo y son vitales para la eliminación del hambre y la pobreza.'
  );

INSERT INTO
  TBL_ODS(Objetivo, Nombre, Descripción)
VALUES
(
    '3',
    'Salud y bienestar',
    'Para lograr los Objetivos de Desarrollo Sostenible, es fundamental garantizar una vida saludable y promover el bienestar universal.'
  );

INSERT INTO
  TBL_ODS(Objetivo, Nombre, Descripción)
VALUES
(
    '4',
    'Educación de calidad',
    'La educación es la base para mejorar nuestra vida y el desarrollo sostenible.'
  );

INSERT INTO
  TBL_ODS(Objetivo, Nombre, Descripción)
VALUES
(
    '5',
    'Igualdad de género',
    'La igualdad entre los géneros no es solo un derecho humano fundamental, sino la base necesaria para conseguir un mundo pacífico, próspero y sostenible.'
  );

INSERT INTO
  TBL_ODS(Objetivo, Nombre, Descripción)
VALUES
(
    '6',
    'Agua limpia y saneamiento',
    'El agua libre de impurezas y accesible para todos es parte esencial del mundo en que queremos vivir.'
  );

INSERT INTO
  TBL_ODS(Objetivo, Nombre, Descripción)
VALUES
(
    '7',
    'Energía asequible y no contaminante',
    'La energía es central para casi todos los grandes desafíos y oportunidades a los que se enfrenta el mundo en la actualidad.'
  );

INSERT INTO
  TBL_ODS(Objetivo, Nombre, Descripción)
VALUES
(
    '8',
    'Trabajo decente y crecimiento económico',
    'Debemos reflexionar sobre este progreso lento y desigual, y revisar nuestras políticas económicas y sociales destinadas a erradicar la pobreza.'
  );

INSERT INTO
  TBL_ODS(Objetivo, Nombre, Descripción)
VALUES
(
    '9',
    'Industria, innovación e infraestructuras',
    'Las inversiones en infraestructura son fundamentales para lograr un desarrollo sostenible.'
  );

INSERT INTO
  TBL_ODS(Objetivo, Nombre, Descripción)
VALUES
(
    '10',
    'Reducción de las desigualdades',
    'Reducir la desigualdad en y entre los países.'
  );

INSERT INTO
  TBL_ODS(Objetivo, Nombre, Descripción)
VALUES
(
    '11',
    'Ciudades y comunidades sostenibles',
    'Las inversiones en infraestructura son cruciales para lograr el desarrollo sostenible.'
  );

INSERT INTO
  TBL_ODS(Objetivo, Nombre, Descripción)
VALUES
(
    '12',
    'Producción y consumo responsables',
    'El objetivo del consumo y la producción sostenibles es hacer más y mejores cosas con menos recursos.'
  );

INSERT INTO
  TBL_ODS(Objetivo, Nombre, Descripción)
VALUES
(
    '13',
    'Acción por el clima',
    'El cambio climático es un reto global que no respeta las fronteras nacionales.'
  );

INSERT INTO
  TBL_ODS(Objetivo, Nombre, Descripción)
VALUES
(
    '14',
    'Vida submarina',
    'Conservar y utilizar en forma sostenible los océanos, los mares y los recursos marinos para el desarrollo sostenible.'
  );

INSERT INTO
  TBL_ODS(Objetivo, Nombre, Descripción)
VALUES
(
    '15',
    'Vida de ecosistemas terrestres',
    'Gestionar sosteniblemente los bosques, luchar contra la desertificación, detener e invertir la degradación de las tierras y detener la pérdida de biodiversidad.'
  );

INSERT INTO
  TBL_ODS(Objetivo, Nombre, Descripción)
VALUES
(
    '16',
    'Paz, justicia e instituciones sólidas',
    'Acceso universal a la justicia y la construcción de instituciones responsables y eficaces a todos los niveles.'
  );

INSERT INTO
  TBL_ODS(Objetivo, Nombre, Descripción)
VALUES
(
    '17',
    'Alianzas para lograr los objetivos',
    'Revitalizar la Alianza Mundial para el Desarrollo Sostenible.'
  );

## CREACION DE TABLA Ambito_VAR_Flow_ODS Codigo	Ambito_VAR_Flow	ODS principal
CREATE TABLE TBL_Ambito_VAR_Flow_ODS(
  ID INT(11) NOT NULL AUTO_INCREMENT,
  Codigo VARCHAR(80),
  Ambito_VAR_Flow VARCHAR(80),
  ODS INT,
  PRIMARY KEY (ID)
);

INSERT INTO
  TBL_Ambito_VAR_Flow_ODS(Codigo, Ambito_VAR_Flow, ODS)
VALUES
(
    'Protección del aire y el clima',
    'Inversión en Protección del aire y el clima en €',
    13
  );

INSERT INTO
  TBL_Ambito_VAR_Flow_ODS(Codigo, Ambito_VAR_Flow, ODS)
VALUES
(
    'Gestión de aguas residuales',
    'Inversión en Gestión de aguas residuales en €',
    6
  );

INSERT INTO
  TBL_Ambito_VAR_Flow_ODS(Codigo, Ambito_VAR_Flow, ODS)
VALUES
(
    'Gestión de residuos',
    'Inversión en Gestión de residuos en €',
    12
  );

INSERT INTO
  TBL_Ambito_VAR_Flow_ODS(Codigo, Ambito_VAR_Flow, ODS)
VALUES
(
    'Protección y descontaminación de suelos, aguas subterráneas y superficiales',
    'Inversión en Protección y descontaminación de suelos, aguas subterráneas y superficiales en €',
    14
  );

INSERT INTO
  TBL_Ambito_VAR_Flow_ODS(Codigo, Ambito_VAR_Flow, ODS)
VALUES
(
    'Reducción del ruido y las vibraciones',
    'Inversión en Reducción del ruido y las vibraciones en €',
    3
  );

INSERT INTO
  TBL_Ambito_VAR_Flow_ODS(Codigo, Ambito_VAR_Flow, ODS)
VALUES
(
    'Protección de la biodiversidad y los paisajes',
    'Inversión en Protección de la biodiversidad y los paisajes en €',
    15
  );

INSERT INTO
  TBL_Ambito_VAR_Flow_ODS(Codigo, Ambito_VAR_Flow, ODS)
VALUES
(
    'Otras actividades de protección ambiental',
    'Inversión en Otras actividades de protección ambiental en €',
    15
  );

INSERT INTO
  TBL_Ambito_VAR_Flow_ODS(Codigo, Ambito_VAR_Flow, ODS)
VALUES
('BULKY', 'Bulky waste', 9);

INSERT INTO
  TBL_Ambito_VAR_Flow_ODS(Codigo, Ambito_VAR_Flow, ODS)
VALUES
('COMPOST', 'Composting', 7);

INSERT INTO
  TBL_Ambito_VAR_Flow_ODS(Codigo, Ambito_VAR_Flow, ODS)
VALUES
('COMPST_SHARE', '% Composting', 7);

INSERT INTO
  TBL_Ambito_VAR_Flow_ODS(Codigo, Ambito_VAR_Flow, ODS)
VALUES
('DISP_SHARE', '% Disposal', 7);

INSERT INTO
  TBL_Ambito_VAR_Flow_ODS(Codigo, Ambito_VAR_Flow, ODS)
VALUES
('DISPOSAL', 'Disposal operations', 7);

INSERT INTO
  TBL_Ambito_VAR_Flow_ODS(Codigo, Ambito_VAR_Flow, ODS)
VALUES
('HOUSE_LIKE', 'Household and similar waste', 11);

INSERT INTO
  TBL_Ambito_VAR_Flow_ODS(Codigo, Ambito_VAR_Flow, ODS)
VALUES
('HOUSEHOLD', 'Waste from households', 11);

INSERT INTO
  TBL_Ambito_VAR_Flow_ODS(Codigo, Ambito_VAR_Flow, ODS)
VALUES
('INC_SHARE', '% Incineration', 7);

INSERT INTO
  TBL_Ambito_VAR_Flow_ODS(Codigo, Ambito_VAR_Flow, ODS)
VALUES
(
    'INC_WITH_SHARE',
    '% Incineration with energy recovery',
    7
  );

INSERT INTO
  TBL_Ambito_VAR_Flow_ODS(Codigo, Ambito_VAR_Flow, ODS)
VALUES
(
    'INC_WITHOUT_SHARE',
    '% Incineration without energy recovery',
    7
  );

INSERT INTO
  TBL_Ambito_VAR_Flow_ODS(Codigo, Ambito_VAR_Flow, ODS)
VALUES
('INCINERATION', 'Total Incineration', 7);

INSERT INTO
  TBL_Ambito_VAR_Flow_ODS(Codigo, Ambito_VAR_Flow, ODS)
VALUES
(
    'INCINERATION_WITH',
    'Incineration with energy recovery',
    7
  );

INSERT INTO
  TBL_Ambito_VAR_Flow_ODS(Codigo, Ambito_VAR_Flow, ODS)
VALUES
(
    'INCINERATION_WITHOUT',
    'Incineration without energy recovery',
    7
  );

INSERT INTO
  TBL_Ambito_VAR_Flow_ODS(Codigo, Ambito_VAR_Flow, ODS)
VALUES
('LANDF_SHARE', '% Landfill', 12);

INSERT INTO
  TBL_Ambito_VAR_Flow_ODS(Codigo, Ambito_VAR_Flow, ODS)
VALUES
('LANDFILL', 'Landfill', 12);

INSERT INTO
  TBL_Ambito_VAR_Flow_ODS(Codigo, Ambito_VAR_Flow, ODS)
VALUES
(
    'MAT_RECOV_SHARE',
    '% Material recovery (Recycling + Composting)',
    7
  );

INSERT INTO
  TBL_Ambito_VAR_Flow_ODS(Codigo, Ambito_VAR_Flow, ODS)
VALUES
('MUNICIPAL', 'Municipal waste generated', 11);

INSERT INTO
  TBL_Ambito_VAR_Flow_ODS(Codigo, Ambito_VAR_Flow, ODS)
VALUES
(
    'MW_CAP',
    'Municipal waste generated per capita',
    11
  );

INSERT INTO
  TBL_Ambito_VAR_Flow_ODS(Codigo, Ambito_VAR_Flow, ODS)
VALUES
('OTH_DISP', 'Other disposal', 7);

INSERT INTO
  TBL_Ambito_VAR_Flow_ODS(Codigo, Ambito_VAR_Flow, ODS)
VALUES
('OTH_RECOV', 'Other recovery', 7);

INSERT INTO
  TBL_Ambito_VAR_Flow_ODS(Codigo, Ambito_VAR_Flow, ODS)
VALUES
('OTHMUN', 'Other municipal waste', 11);

INSERT INTO
  TBL_Ambito_VAR_Flow_ODS(Codigo, Ambito_VAR_Flow, ODS)
VALUES
('RECOV_SHARE', '% Recovery', 12);

INSERT INTO
  TBL_Ambito_VAR_Flow_ODS(Codigo, Ambito_VAR_Flow, ODS)
VALUES
(
    'RECOVERY',
    'Amount designated for recovery operations',
    12
  );

INSERT INTO
  TBL_Ambito_VAR_Flow_ODS(Codigo, Ambito_VAR_Flow, ODS)
VALUES
('RECYCLING', 'Recycling', 12);

INSERT INTO
  TBL_Ambito_VAR_Flow_ODS(Codigo, Ambito_VAR_Flow, ODS)
VALUES
('RECYCLING_SHARE', '% Recycling', 12);

INSERT INTO
  TBL_Ambito_VAR_Flow_ODS(Codigo, Ambito_VAR_Flow, ODS)
VALUES
('TREATMENT', 'Municipal waste treated', 11);

INSERT INTO
  TBL_Ambito_VAR_Flow_ODS(Codigo, Ambito_VAR_Flow, ODS)
VALUES
(
    'WEEE',
    'Electric and electronic equipment waste',
    7
  );

INSERT INTO
  TBL_Ambito_VAR_Flow_ODS(Codigo, Ambito_VAR_Flow, ODS)
VALUES
('Production (ktoe)', 'Production (ktoe)', 12);

INSERT INTO
  TBL_Ambito_VAR_Flow_ODS(Codigo, Ambito_VAR_Flow, ODS)
VALUES
('Imports (ktoe)', 'Imports (ktoe)', 9);

INSERT INTO
  TBL_Ambito_VAR_Flow_ODS(Codigo, Ambito_VAR_Flow, ODS)
VALUES
('Exports (ktoe)', 'Exports (ktoe)', 9);

INSERT INTO
  TBL_Ambito_VAR_Flow_ODS(Codigo, Ambito_VAR_Flow, ODS)
VALUES
(
    'Total energy supply (ktoe)',
    'Total energy supply (ktoe)',
    7
  );

INSERT INTO
  TBL_Ambito_VAR_Flow_ODS(Codigo, Ambito_VAR_Flow, ODS)
VALUES
(
    'Electricity, CHP and heat plants (ktoe)',
    'Electricity, CHP and heat plants (ktoe)',
    7
  );

INSERT INTO
  TBL_Ambito_VAR_Flow_ODS(Codigo, Ambito_VAR_Flow, ODS)
VALUES
(
    'Oil refineries, transformation (ktoe)',
    'Oil refineries, transformation (ktoe)',
    12
  );

INSERT INTO
  TBL_Ambito_VAR_Flow_ODS(Codigo, Ambito_VAR_Flow, ODS)
VALUES
(
    'Total final consumption (ktoe)',
    'Total final consumption (ktoe)',
    9
  );

INSERT INTO
  TBL_Ambito_VAR_Flow_ODS(Codigo, Ambito_VAR_Flow, ODS)
VALUES
('Industry (ktoe)', 'Industry (ktoe)', 9);

INSERT INTO
  TBL_Ambito_VAR_Flow_ODS(Codigo, Ambito_VAR_Flow, ODS)
VALUES
('Transport (ktoe)', 'Transport (ktoe)', 9);

INSERT INTO
  TBL_Ambito_VAR_Flow_ODS(Codigo, Ambito_VAR_Flow, ODS)
VALUES
('Residential (ktoe)', 'Residential (ktoe)', 11);

INSERT INTO
  TBL_Ambito_VAR_Flow_ODS(Codigo, Ambito_VAR_Flow, ODS)
VALUES
(
    'Commercial and public services (ktoe)',
    'Commercial and public services (ktoe)',
    12
  );

INSERT INTO
  TBL_Ambito_VAR_Flow_ODS(Codigo, Ambito_VAR_Flow, ODS)
VALUES
(
    'Other final consumption (ktoe)',
    'Other final consumption (ktoe)',
    9
  );

INSERT INTO
  TBL_Ambito_VAR_Flow_ODS(Codigo, Ambito_VAR_Flow, ODS)
VALUES
(
    'Electricity output (GWh)',
    'Electricity output (GWh)',
    7
  );

INSERT INTO
  TBL_Ambito_VAR_Flow_ODS(Codigo, Ambito_VAR_Flow, ODS)
VALUES
('MPA_KM2', 'Área protegida marina', 14);

INSERT INTO
  TBL_Ambito_VAR_Flow_ODS(Codigo, Ambito_VAR_Flow, ODS)
VALUES
('TPA_KM2', 'Área protegida terrestre', 15);

INSERT INTO
  TBL_Ambito_VAR_Flow_ODS(Codigo, Ambito_VAR_Flow, ODS)
VALUES
('TPA_PC', 'Área protegida terrestre ', 15);

SELECT
  *
FROM
  TBL_CONTACTO;

SELECT
  *
FROM
  TBL_PAIS;

SELECT
  *
FROM
  TBL_ODS;

SELECT
  *
FROM
  TBL_USUARIO;

SELECT
  *
FROM
  TBL_Ambito_VAR_Flow_ODS;

SELECT
  A.ID,
  A.CODIGO,
  A.Ambito_VAR_Flow,
  A.ODS,
  O.NOMBRE AS NOMBRE_ODS
FROM
  TBL_Ambito_VAR_Flow_ODS A
  JOIN TBL_ODS O ON O.ID = A.ODS;

/*********************************************/
CREATE TABLE tbl_clientes(
  id INT(11) NOT NULL AUTO_INCREMENT,
  nombre VARCHAR(200),
  email VARCHAR(150),
  telefono VARCHAR(15),
  PRIMARY KEY (ID)
);

CREATE TABLE TBL_ESTUDIANTES(
  ID INT(11) NOT NULL AUTO_INCREMENT,
  CODIGO VARCHAR(80),
  CEDULA VARCHAR(15),
  NOMBRES VARCHAR(200),
  APELLIDOS VARCHAR(200),
  PRIMARY KEY (ID)
);